user_id,url,timestamp
1,https://www.youtube.com/watch?v=EmHLQyROkEs,4/26/2016 6:26
1,https://www.youtube.com/watch?v=unXuY35RTYU,4/26/2016 6:32
32,https://www.youtube.com/results?search_query=z+galantis,4/26/2016 10:56
32,https://www.youtube.com/channel/UCSR79xQ4l4POj3UOxlzdE8g,4/26/2016 10:56
32,https://www.youtube.com/watch?v=JBe7zH6UbNE,4/26/2016 10:57
32,https://www.youtube.com/watch?v=4-DxW9r21Pw,4/26/2016 10:57
32,https://www.youtube.com/watch?v=fNG7JBGJ6tA,4/26/2016 10:57
32,https://www.youtube.com/watch?v=cs2eBaXfGaw,4/26/2016 10:58
32,https://www.youtube.com/watch?v=SF0Cq6sNF38,4/26/2016 10:58
32,https://www.youtube.com/watch?v=bCfs_gIZdvY,4/26/2016 10:58
32,https://www.youtube.com/watch?v=fA1Lr_c07wQ,4/26/2016 10:58
32,https://accounts.youtube.com/accounts/SetSID?ssdc=1&sidt=*&continue=http%3A%2F%2Fwww.youtube.com%2Fsignin%3Faction_handle_signin%3Dtrue%26app%3Ddesktop%26hl%3Den%26next%3D%252F%26pli%3D1%26auth%3D*%26authuser%3D*,4/26/2016 10:59
32,https://www.youtube.com/channel/UCg3d2TBnHFtpzB4pOP_uSVw,4/26/2016 10:59
32,https://www.youtube.com/channel/UCT6-7eEQjm_4sawtytaBn6Q,4/26/2016 10:59
32,https://www.youtube.com/watch?v=WVCYtxTjvgk,4/26/2016 10:59
32,https://www.youtube.com/channel/UCumHgA1Rk8I15QpkmrPnhmA,4/26/2016 11:01
32,https://www.youtube.com/user/itstvcker/videos,4/26/2016 11:01
32,https://www.youtube.com/channel/UCgnmbRbtU2xANwXOtZMOzGw,4/26/2016 11:01
34,https://www.youtube.com/user/KevinRiazi?sub_confirmation=1,4/26/2016 16:04
34,https://www.youtube.com/user/Technologyislife?sub_confirmation=1,4/26/2016 16:05
34,https://www.youtube.com/user/TaigaTechEnvy?sub_confirmation=1,4/26/2016 16:07
34,https://www.youtube.com/user/Ziovo?sub_confirmation=1,4/26/2016 16:09
34,https://www.youtube.com/user/Mrwhosetheboss?sub_confirmation=1,4/26/2016 16:11
39,https://www.youtube.com/watch?v=GqbY-T2KEiU,4/26/2016 16:16
1,https://www.youtube.com/watch?v=hnUEPc4tFCs,4/26/2016 16:22
34,https://www.youtube.com/channel/UCcMgqGDStQB65jlQo4IK8lQ?sub_confirmation=1,4/26/2016 16:30
1,https://www.youtube.com/results?search_query=new+york+minute,4/26/2016 16:32
1,https://www.youtube.com/watch?v=_Ozxnnk0AyU,4/26/2016 16:32
34,https://www.youtube.com/channel/UCfnSXikprm5QKED4rK3-h-A?sub_confirmation=1,4/26/2016 16:34
77,https://www.youtube.com/feed/subscriptions,4/26/2016 16:38
77,https://www.youtube.com/watch?v=2-n7rpjcICs,4/26/2016 16:43
31,https://www.youtube.com/results?search_query=dave+chappelle+howard+dean+skit,4/26/2016 16:52
31,https://www.youtube.com/watch?v=1ME4aCLb5nw,4/26/2016 16:52
31,https://www.youtube.com/watch?v=x7T0N7WFCNY,4/26/2016 16:55
77,https://www.youtube.com/watch?v=t4kxTkHZnvw,4/26/2016 16:56
73,https://www.youtube.com/?noredirect=1,4/26/2016 17:02
73,https://www.youtube.com/results?search_query=nina+dobrev+lip+sync+battle,4/26/2016 17:02
73,https://www.youtube.com/watch?v=NhKP0j3zub8,4/26/2016 17:02
77,https://www.youtube.com/watch?v=hhn9H_LuyLU,4/26/2016 17:03
73,https://www.youtube.com/watch?v=ruweL07cmfY,4/26/2016 17:04
73,https://www.youtube.com/watch?v=SzcyvUfZsb4,4/26/2016 17:07
73,https://www.youtube.com/watch?v=WYetZzlVOLI,4/26/2016 17:07
73,https://www.youtube.com/watch?v=1ICulktU-UM,4/26/2016 17:10
73,https://www.youtube.com/watch?v=qrWLvgRS_-8,4/26/2016 17:14
73,https://www.youtube.com/results?search_query=chaning+tatum+lip+sync+battle,4/26/2016 17:16
73,https://www.youtube.com/watch?v=LdfMKnJ1y2o,4/26/2016 17:16
77,https://www.youtube.com/watch?v=seo5z1G2-54,4/26/2016 17:19
73,https://www.youtube.com/channel/UCjzEF5kUZypUftfHD1MKuCg,4/26/2016 17:20
73,https://www.youtube.com/user/LipSyncBattle/videos,4/26/2016 17:21
73,https://www.youtube.com/watch?v=4-9gsaGrfpg,4/26/2016 17:21
73,https://www.youtube.com/watch?v=Z33D0zXLJr8,4/26/2016 17:21
73,https://www.youtube.com/watch?v=DQA59mRDMVA,4/26/2016 17:21
73,https://www.youtube.com/watch?v=X6xFKB00L9k,4/26/2016 17:21
34,https://www.youtube.com/user/DontHateTheGeek1?sub_confirmation=1,4/26/2016 17:24
34,https://www.youtube.com/user/NFMDOTCOM?sub_confirmation=1,4/26/2016 17:25
34,https://www.youtube.com/channel/UCSDG3M0e2mGX9_qtHEtzj2Q?sub_confirmation=1,4/26/2016 17:32
73,https://www.youtube.com/watch?v=3yq-wHzBlD4,4/26/2016 17:47
73,https://www.youtube.com/watch?v=9Iv1qrM0uXM,4/26/2016 17:52
85,https://www.youtube.com/watch?v=y2qgwMyBgXE,4/26/2016 18:06
85,https://www.youtube.com/watch?v=l6lDUXBIrgk,4/26/2016 18:19
85,https://accounts.youtube.com/accounts/Logout2?hl=en&service=mail&ilo=1&ils=s.youtube%2Co.mail.google.com&ilc=0&continue=https%3A%2F%2Fmail.google.com%2Fmail&zx=663035789,4/26/2016 18:51
73,https://www.youtube.com/watch?time_continue=5&v=3IzxTBMmjXc,4/26/2016 19:02
73,https://www.youtube.com/watch?v=3IzxTBMmjXc,4/26/2016 19:02
73,https://www.youtube.com/watch?time_continue=166&v=3IzxTBMmjXc,4/26/2016 19:05
73,https://www.youtube.com/watch?v=DVnz9iyolLA,4/26/2016 19:05
73,https://www.youtube.com/watch?v=bJuWlMFToNo,4/26/2016 19:05
73,https://www.youtube.com/watch?v=hm9ohmfZz3s,4/26/2016 19:07
73,https://www.youtube.com/watch?v=j56eMh6RJC0,4/26/2016 19:07
73,https://www.youtube.com/watch?v=f4Xq_6FJRHc,4/26/2016 19:08
73,https://www.youtube.com/watch?v=6wyYucOEqV8,4/26/2016 19:11
34,https://www.youtube.com/user/TodayIFoundOut,4/26/2016 19:13
73,https://www.youtube.com/watch?v=ysv84KEZXWw,4/26/2016 19:13
73,https://www.youtube.com/watch?v=M9dO0jeeXv4,4/26/2016 19:15
73,https://www.youtube.com/watch?v=BteeKu5Dcfg,4/26/2016 19:18
73,https://www.youtube.com/watch?v=i5svYq7HZ1Y,4/26/2016 19:55
73,https://www.youtube.com/watch?v=UDkXplYxO7o,4/26/2016 19:56
73,https://www.youtube.com/watch?v=MoMYzxXHYs0,4/26/2016 19:56
73,https://www.youtube.com/watch?v=OgwU1vQAxEc,4/26/2016 19:57
85,https://accounts.youtube.com/accounts/Logout2?hl=en&service=mail&ilo=1&ils=s.youtube%2Cwritely%2Co.mail.google.com&ilc=0&continue=https%3A%2F%2Fmail.google.com%2Fmail&zx=1385417832,4/26/2016 19:58
73,https://www.youtube.com/watch?v=4JoT1MApM6U,4/26/2016 19:59
73,https://www.youtube.com/watch?v=FPFumeryRVY,4/26/2016 19:59
85,https://accounts.youtube.com/accounts/Logout2?hl=en&service=mail&ilo=1&ils=s.youtube%2Co.mail.google.com&ilc=0&continue=https%3A%2F%2Fmail.google.com%2Fmail&zx=275944765,4/26/2016 20:54
1,https://www.youtube.com/watch?v=2Hwr8QWd_yg,4/26/2016 21:31
1,https://accounts.youtube.com/accounts/Logout2?hl=en&service=mail&ilo=1&ils=s.youtube%2Cdoritos%2Co.mail.google.com&ilc=0&continue=https%3A%2F%2Fmail.google.com%2Fmail&zx=-953143135,4/26/2016 22:25
1,https://accounts.youtube.com/accounts/Logout2?hl=en&service=mail&ilo=1&ils=s.youtube%2Co.mail.google.com&ilc=0&continue=https%3A%2F%2Fmail.google.com%2Fmail&zx=124109926,4/26/2016 22:29
42,https://www.youtube.com/watch?v=XirUeXVXaXk,4/27/2016 3:13
42,https://www.youtube.com/watch?time_continue=10&v=87PJOK3QlXM,4/27/2016 3:13
42,https://www.youtube.com/watch?v=87PJOK3QlXM,4/27/2016 3:13
129,https://accounts.youtube.com/accounts/Logout2?hl=en&service=mail&ilo=1&ils=s.youtube%2Cyoutube%2Cdoritos%2Co.mail.google.com&ilc=0&continue=https%3A%2F%2Fmail.google.com%2Fmail&zx=829317031,4/27/2016 7:45
129,https://www.youtube.com/watch?v=JVD9QoHUQuU,4/27/2016 8:10
31,https://www.youtube.com/watch?v=qx7lthJQJwI,4/27/2016 8:46
31,https://www.youtube.com/watch?v=u9m-ALURDfo,4/27/2016 8:50
31,https://www.youtube.com/watch?v=RM_3TBfC7sI,4/27/2016 9:02
31,https://www.youtube.com/results?search_query=toto+35th+anniversary+live+in+poland+full+concert,4/27/2016 9:08
31,https://www.youtube.com/watch?v=LRArMS7Bzzs&list=PLNdadzNJgAYGwbY-jLDaTi-WPjVDQSoxo,4/27/2016 9:08
31,https://www.youtube.com/watch?v=LRArMS7Bzzs,4/27/2016 9:08
31,https://www.youtube.com/watch?v=cqNESZVRdck,4/27/2016 9:19
129,https://www.youtube.com/results?search_query=dmv+test,4/27/2016 10:25
129,https://www.youtube.com/watch?v=5M-Kcq2U6CI,4/27/2016 10:25
129,https://www.youtube.com/watch?v=T4vM4_YbxME&annotation_id=annotation_3230520311&src_vid=5M-Kcq2U6CI&feature=iv,4/27/2016 10:26
129,https://www.youtube.com/watch?v=NyYXerEc2zk,4/27/2016 10:28
129,https://www.youtube.com/results?search_query=dmv+test+questions,4/27/2016 10:32
129,https://www.youtube.com/watch?v=BHXueaJn5kg,4/27/2016 10:32
76,https://www.youtube.com/watch?v=14WE3A0PwVs,4/27/2016 17:17
85,https://www.youtube.com/watch?time_continue=1067&v=-l40S5e90KY,4/27/2016 17:57
77,https://www.youtube.com/watch?v=hi3dw4cYyg8,4/27/2016 18:07
77,https://www.youtube.com/watch?v=5kk17Gd_F8I,4/27/2016 18:18
80,https://www.youtube.com/watch?v=t6T0pjPzPS8,4/27/2016 18:39
77,https://www.youtube.com/watch?v=INa_JYXdVKc,4/27/2016 18:40
80,https://www.youtube.com/watch?v=HbBhWFbgS-o,4/27/2016 18:40
80,https://www.youtube.com/channel/UCvoPxqqCgdzHKu3Qm_iQcMg,4/27/2016 18:40
80,https://www.youtube.com/watch?v=MB_SjuM_cCY,4/27/2016 18:41
51,https://www.youtube.com/watch?v=tntOCGkgt98&app=desktop,4/27/2016 19:50
85,https://www.youtube.com/watch?v=ZDb9GtAZAlo,4/27/2016 20:13
85,https://www.youtube.com/watch?v=_VF5xFpQ5fQ,4/27/2016 20:23
85,https://www.youtube.com/watch?v=BTZwOkUD_bc,4/27/2016 20:31
85,https://www.youtube.com/watch?v=0T-Hb6VZX5E,4/27/2016 20:37
1,https://www.youtube.com/watch?v=Xr6uNyo8Qgg,4/27/2016 20:52
85,https://www.youtube.com/watch?v=1vgI5WgHC_8,4/27/2016 20:55
85,https://www.youtube.com/results?search_query=casey+neistat+bike+thief+prank,4/27/2016 20:59
85,https://www.youtube.com/watch?v=J5-U_KLqpBg,4/27/2016 20:59
1,https://www.youtube.com/watch?v=4Y8bUT8UXUA,4/27/2016 21:00
1,https://www.youtube.com/watch?v=w1AhrEhQ0mg,4/27/2016 21:00
85,https://www.youtube.com/watch?v=_ayTA-tJr3A,4/27/2016 21:02
1,https://www.youtube.com/watch?v=9aUK3R_r_vo,4/27/2016 21:03
1,https://www.youtube.com/watch?v=LsKFsF2zpFM,4/27/2016 21:06
1,https://www.youtube.com/watch?v=ECHubklusNg,4/27/2016 21:06
1,https://www.youtube.com/watch?v=RDocnbkHjhI,4/27/2016 21:08
1,https://www.youtube.com/watch?v=5M1ZKPCLb4I,4/27/2016 21:09
1,https://www.youtube.com/watch?v=P2Gf0hoTIXA,4/27/2016 21:11
1,https://www.youtube.com/watch?v=LABGimhsEys,4/27/2016 21:11
1,https://www.youtube.com/watch?v=MPmObvuOMYA,4/27/2016 21:14
1,https://www.youtube.com/watch?v=F_0wjFP3YsQ,4/27/2016 21:16
1,https://www.youtube.com/watch?v=p3ND_O6YYg4,4/27/2016 21:17
1,https://www.youtube.com/watch?v=jsXuFYTzLJM,4/27/2016 21:31
32,https://www.youtube.com/channel/UCU6Xdctu2CsQp3NhyyrW3Dw,4/27/2016 21:34
32,https://www.youtube.com/user/MrTLexify/videos,4/27/2016 21:35
32,https://www.youtube.com/watch?v=CFiHzx8x-6Y,4/27/2016 21:35
1,https://www.youtube.com/watch?v=g4LSBMthkVs,4/27/2016 21:36
1,https://www.youtube.com/watch?v=xvT6a9C_1g8,4/27/2016 21:41
32,https://www.youtube.com/channel/UCWyPmQ5E-Bh1-RPZ-zsLnLQ,4/27/2016 21:45
32,https://www.youtube.com/user/CodeNamePizza/videos,4/27/2016 21:45
32,https://www.youtube.com/watch?v=EqfWbXKO7I0,4/27/2016 21:45
32,https://www.youtube.com/watch?v=8gomdvahk9w,4/27/2016 21:47
77,https://www.youtube.com/watch?v=FD8GM3H8onk,4/27/2016 22:12
85,https://www.youtube.com/watch?v=ZzBHjMYN29Y,4/27/2016 22:33
85,https://www.youtube.com/watch?v=Z7iBD9l4FUU,4/27/2016 22:42
77,https://www.youtube.com/watch?time_continue=186&v=9tU-D-m2JY8,4/27/2016 23:15
77,https://www.youtube.com/watch?v=9tU-D-m2JY8,4/27/2016 23:15
77,https://www.youtube.com/watch?time_continue=97&v=jrzkqa2N-Ig,4/27/2016 23:21
77,https://www.youtube.com/watch?v=jrzkqa2N-Ig,4/27/2016 23:21
34,https://www.youtube.com/watch?v=Gf1WT8VEZxk,4/27/2016 23:34
80,https://www.youtube.com/results?search_query=gps+app+inventor,4/28/2016 0:50
80,https://www.youtube.com/watch?v=Ab8ldjHY2yA,4/28/2016 0:51
80,https://www.youtube.com/watch?v=f8tVlG-4OOk,4/28/2016 0:54
80,https://www.youtube.com/watch?v=ZE0BAsXdgLE,4/28/2016 0:54
80,https://www.youtube.com/watch?v=lJLl-cnxsHs,4/28/2016 0:55
80,https://www.youtube.com/watch?v=EiI0yMljSKU,4/28/2016 0:56
1,http://www.youtube.com/embed/zf_0jzPQ8lo?rel=0,4/28/2016 1:55
1,https://www.youtube.com/embed/zf_0jzPQ8lo?rel=0,4/28/2016 1:55
80,https://accounts.youtube.com/accounts/Logout2?service=ah&ilo=1&ils=s.youtube%2Ccl%2Cdoritos%2Cmail%2Cwritely%2Co.calendar.google.com%2Co.console.cloud.google.com%2Co.mail.google.com%2Co.myaccount.google.com%2Cs.blogger&ilc=0&continue=https%3A%2F%2Fappengine.google.com%2F_ah%2Flogout%3Fcontinue%3Dhttp%3A%2F%2Fai2.appinventor.mit.edu%2F&zx=-465001518,4/28/2016 2:24
42,https://www.youtube.com/watch?v=7rqSM0PLUCw,4/28/2016 2:46
80,https://accounts.youtube.com/accounts/Logout2?service=ah&ilo=1&ils=s.youtube%2Co.security.google.com&ilc=0&continue=https%3A%2F%2Fappengine.google.com%2F_ah%2Flogout%3Fcontinue%3Dhttp%3A%2F%2Fai2.appinventor.mit.edu%2F&zx=744796513,4/28/2016 3:30
34,https://www.youtube.com/c/AlertbotNews?sub_confirmation=1,4/28/2016 12:17
1,http://www.youtube.com/attribution_link?a=r6pVk7BopRw&u=/watch?v%3Dgh5VhaicC6g%26feature%3Dem-subs_digest-vrecs&g=zy_PgMBoO2-aMjUXKe6cR2ufabqro6NtRhZ9mJfxo8dzzbjYJycuTXiGtvFsv9f9GYiGfrE1adfsqKoQ0Y3xkU_yj_PhuB--sv1D0iiXQNdpAixddseg6C8tYyO9KV_aDE_hmcbMUp2y_SMwuYsXCZhMjrPTt-OvZh5lRa2qHjpDUA%3D%3D,4/28/2016 12:57
1,https://www.youtube.com/watch?v=gh5VhaicC6g&feature=em-subs_digest-vrecs,4/28/2016 12:57
1,https://accounts.youtube.com/accounts/Logout2?hl=en-GB&service=mail&ilo=1&ils=s.youtube%2Cs.GB%2Co.mail.google.com&ilc=0&continue=https%3A%2F%2Fmail.google.com%2Fmail&zx=1725426354,4/28/2016 12:58
1,https://www.youtube.com/watch?v=xuM7ZS7nodk,4/28/2016 13:54
1,https://www.youtube.com/watch?v=sPwURRG9_Gs,4/28/2016 15:09
1,https://www.youtube.com/watch?v=ZIrshh-0s3I,4/28/2016 15:09
139,https://accounts.youtube.com/accounts/Logout2?hl=en-GB&service=mail&ilo=1&ils=s.youtube%2Cdoritos%2Co.mail.google.com%2Cs.GB&ilc=0&continue=https%3A%2F%2Fmail.google.com%2Fmail&zx=1373912165,4/28/2016 15:25
84,https://www.youtube.com/watch?v=0pXVnKCgt3g,4/28/2016 15:59
84,https://www.youtube.com/watch?v=09uad0-UHKY,4/28/2016 16:03
139,https://www.youtube.com/results?search_query=younger+trailer,4/28/2016 16:13
139,https://www.youtube.com/watch?v=_kNH0seIq2E,4/28/2016 16:13
139,https://www.youtube.com/results?search_query=crazy+ex+girlfriend+trailer,4/28/2016 16:16
139,https://www.youtube.com/watch?v=-ctFmXGm_yE,4/28/2016 16:16
139,https://accounts.youtube.com/accounts/Logout2?hl=en-GB&service=mail&ilo=1&ils=s.youtube%2Cdoritos%2Co.mail.google.com%2Cs.GB%2Cs.NO&ilc=0&continue=https%3A%2F%2Fmail.google.com%2Fmail&zx=85218861,4/28/2016 16:24
139,https://accounts.youtube.com/accounts/Logout2?hl=en-GB&service=mail&ilo=1&ils=s.youtube%2Cs.GB%2Co.mail.google.com&ilc=0&continue=https%3A%2F%2Fmail.google.com%2Fmail&zx=-348387770,4/28/2016 16:35
85,https://accounts.youtube.com/accounts/Logout2?hl=en&service=mail&ilo=1&ils=s.youtube%2Cwritely%2Co.mail.google.com&ilc=0&continue=https%3A%2F%2Fmail.google.com%2Fmail&zx=964846936,4/28/2016 16:45
1,https://www.youtube.com/watch?v=ZNchucjgAc0&feature=youtu.be&utm_medium=Email&utm_campaign=Template%2Blinks&utm_source=weekly%2Bnewsetter&utm_term=Daily,4/28/2016 18:16
161,https://www.youtube.com/watch?v=G3-R7GvHGeE,4/28/2016 19:26
85,https://www.youtube.com/watch?v=sf3XvHX5W0c,4/28/2016 19:33
1,https://www.youtube.com/watch?v=1bQ99-qlLU4,4/28/2016 19:38
1,https://www.youtube.com/watch?v=_fJetd_a8J4,4/28/2016 19:38
85,https://www.youtube.com/watch?v=creKsq6UrDc,4/28/2016 19:46
85,https://www.youtube.com/watch?v=-9eVnskWgdc,4/28/2016 19:48
85,https://www.youtube.com/results?search_query=fake+flood+reporter,4/28/2016 19:49
85,https://www.youtube.com/watch?v=zbjXJM8_qus,4/28/2016 19:50
85,https://www.youtube.com/user/caseyneistat,4/28/2016 19:52
85,https://www.youtube.com/user/caseyneistat/videos,4/28/2016 19:52
85,https://www.youtube.com/user/caseyneistat/videos?sort=p&view=0&flow=grid,4/28/2016 19:52
85,https://www.youtube.com/user/caseyneistat/featured,4/28/2016 19:53
85,https://www.youtube.com/watch?v=-9m0ZKKbPfg,4/28/2016 19:53
85,https://www.youtube.com/watch?v=cXS5gCN_sIk,4/28/2016 20:03
1,https://www.youtube.com/watch?v=Gn6lgG4taFk,4/28/2016 20:04
85,https://www.youtube.com/watch?v=633rwYgYJDs,4/28/2016 20:11
1,https://www.youtube.com/watch?v=1-dKNk-_dng,4/28/2016 20:13
1,https://www.youtube.com/results?search_query=stephen+young+interviews,4/28/2016 20:13
1,https://www.youtube.com/results?search_query=steph+young+interviews,4/28/2016 20:13
1,https://www.youtube.com/watch?v=0_VkDkVIbqY&list=PLoHfhpuJdTEbywV_EmQgCujtKE_KhBVeH,4/28/2016 20:14
1,https://www.youtube.com/watch?v=RFk6HotH0sw,4/28/2016 20:25
1,https://www.youtube.com/watch?v=TUVKoeG46CI,4/28/2016 21:13
85,https://www.youtube.com/watch?v=Ctg79jqymlc,4/28/2016 22:15
89,https://accounts.youtube.com/accounts/Logout2?hl=en&service=mail&ilo=1&ils=s.youtube%2Cdoritos%2Cwise%2Cwritely%2Co.mail.google.com&ilc=0&continue=https%3A%2F%2Fmail.google.com%2Fmail&zx=-1440708672,4/28/2016 23:35
39,https://www.youtube.com/watch?v=XfpkbjDwpsY,4/29/2016 0:29
39,https://www.youtube.com/watch?v=9A84zXyL7DI,4/29/2016 0:35
18,https://www.youtube.com/watch?v=r7ez8SMBsO8,4/29/2016 0:36
18,https://www.youtube.com/watch?v=9n3aXN3x5CQ,4/29/2016 0:48
39,https://www.youtube.com/watch?v=MhbRT21SEkQ,4/29/2016 1:32
39,https://www.youtube.com/watch?v=P3DaE75tEl4,4/29/2016 1:45
39,https://www.youtube.com/watch?v=zW3MtnQwfg0,4/29/2016 1:51
39,https://www.youtube.com/watch?v=B1YWAJIwj9w,4/29/2016 1:58
39,https://www.youtube.com/watch?v=R7LmJQInfQ4,4/29/2016 2:04
39,https://www.youtube.com/watch?v=SINtBF4_dHA,4/29/2016 2:10
39,https://www.youtube.com/watch?v=qsdR8eycRys,4/29/2016 2:17
39,https://www.youtube.com/watch?v=N0FrwbO6-Q0,4/29/2016 2:17
39,https://www.youtube.com/results?search_query=purple+rain+lesson,4/29/2016 2:26
39,https://www.youtube.com/watch?v=HYf80aywWBs,4/29/2016 2:26
39,https://www.youtube.com/results?search_query=purple+rain+instrumental,4/29/2016 2:26
39,https://www.youtube.com/watch?v=d-pW1zR8uv8,4/29/2016 2:27
39,https://www.youtube.com/watch?v=TlHxEHWljVM,4/29/2016 2:27
39,https://www.youtube.com/watch?v=bRGoDssb91w,4/29/2016 2:34
39,https://www.youtube.com/watch?v=3PhcIX6EqaQ,4/29/2016 2:39
39,https://www.youtube.com/watch?v=9FrSKe_w6_g,4/29/2016 3:29
39,https://www.youtube.com/watch?v=9aKBmNTLLl0,4/29/2016 3:38
39,https://www.youtube.com/watch?v=WdPzYVPDFyk,4/29/2016 3:50
39,https://www.youtube.com/watch?v=6aI-9QGjcA4,4/29/2016 3:58
1,https://www.youtube.com/watch?v=DsUge8AVaKs,4/29/2016 6:08
1,https://www.youtube.com/results?search_query=beyonce+interview,4/29/2016 6:12
1,https://www.youtube.com/watch?v=21z709ucZUw,4/29/2016 6:13
1,https://www.youtube.com/watch?v=mOHYTfVXGVc,4/29/2016 6:14
228,https://accounts.youtube.com/accounts/Logout2?hl=en&service=mail&ilo=1&ils=s.youtube%2Cdoritos%2Co.mail.google.com&ilc=0&continue=https%3A%2F%2Fmail.google.com%2Fmail&zx=30767293,4/29/2016 6:59
1,https://www.youtube.com/watch?v=h00_h9JB9A8,4/29/2016 7:00
1,https://www.youtube.com/watch?v=SCEfzjTRObA,4/29/2016 7:01
1,https://www.youtube.com/watch?v=zVUlEGYxuK8,4/29/2016 7:02
228,https://accounts.youtube.com/accounts/Logout2?hl=en&service=mail&ilo=1&ils=s.youtube%2Co.mail.google.com&ilc=0&continue=https%3A%2F%2Fmail.google.com%2Fmail&zx=-903182175,4/29/2016 7:09
1,https://www.youtube.com/watch?v=MxVeUvo5COI,4/29/2016 8:07
1,https://www.youtube.com/watch?v=m0SJKCT9ssc,4/29/2016 8:19
1,https://www.youtube.com/watch?v=Fv6IYAocRxY,4/29/2016 8:24
1,https://www.youtube.com/watch?v=JQLTyWYcu5I,4/29/2016 8:28
1,https://www.youtube.com/watch?v=w4VrqWzhd5M&app=desktop,4/29/2016 8:34
1,https://www.youtube.com/watch?v=MXVg9SAecvo,4/29/2016 8:41
1,https://www.youtube.com/watch?v=Uud_T-IIgHk,4/29/2016 8:50
1,https://www.youtube.com/watch?v=4UkSIcm_y7Y,4/29/2016 8:55
1,https://www.youtube.com/watch?v=yRW-0DitGhY,4/29/2016 9:04
156,https://www.youtube.com/results?search_query=the+best+of+zbigniew+preisner,4/29/2016 10:15
156,https://www.youtube.com/watch?v=FP0wQxWifBY,4/29/2016 10:15
156,https://www.youtube.com/watch?v=N82fP5hKZPY,4/29/2016 11:11
156,https://www.youtube.com/watch?v=Wj1devH5JP4,4/29/2016 12:24
156,https://www.youtube.com/watch?v=ViuDsy7yb8M,4/29/2016 12:28
1,https://www.youtube.com/watch?v=vz2aCOMEUu0,4/29/2016 13:29
1,https://www.youtube.com/watch?v=d4_3FN5Lz2I,4/29/2016 14:18
1,https://www.youtube.com/watch?v=sgh_77TtX5I,4/29/2016 14:23
1,https://www.youtube.com/watch?v=snQApTV-Z0c,4/29/2016 14:50
1,https://accounts.youtube.com/accounts/Logout2?hl=en-GB&service=mail&ilo=1&ils=s.youtube%2Cdoritos%2Co.mail.google.com%2Cs.GB&ilc=0&continue=https%3A%2F%2Fmail.google.com%2Fmail&zx=-580959,4/29/2016 15:21
1,https://accounts.youtube.com/accounts/Logout2?hl=en-GB&service=mail&ilo=1&ils=s.youtube%2Cdoritos%2Co.mail.google.com%2Cs.GB%2Cs.NO&ilc=0&continue=https%3A%2F%2Fmail.google.com%2Fmail&zx=750408738,4/29/2016 15:40
160,https://accounts.youtube.com/accounts/Logout2?hl=en&service=mail&ilo=1&ils=s.youtube%2Cdoritos%2Co.mail.google.com%2Cs.ZA&ilc=0&continue=https%3A%2F%2Fmail.google.com%2Fmail&zx=-1118632685,4/29/2016 15:55
124,https://www.youtube.com/watch?v=I7vrqMQgfus,4/29/2016 16:18
139,https://www.youtube.com/watch?time_continue=32&v=qm6EBzbisjQ,4/29/2016 16:29
139,https://www.youtube.com/watch?v=qm6EBzbisjQ,4/29/2016 16:29
139,https://www.youtube.com/watch?v=69V__a49xtw,4/29/2016 16:29
139,https://www.youtube.com/watch?v=63UNmod8zf0,4/29/2016 16:31
1,https://www.youtube.com/results?search_query=fascinating+stories,4/29/2016 16:31
139,https://www.youtube.com/watch?v=rpsMi3Q2fok,4/29/2016 16:32
1,https://www.youtube.com/results?search_query=mysterious+disappearances+that+were+never+explained,4/29/2016 16:38
1,https://www.youtube.com/results?search_query=mysterious+disappearances+that+were+never+explained&page=2,4/29/2016 16:39
1,https://www.youtube.com/results?search_query=mysterious+disappearances+that+were+never+explained&page=3,4/29/2016 16:40
1,https://www.youtube.com/results?search_query=mysterious+disappearances+that+were+never+explained&page=4,4/29/2016 16:40
1,https://www.youtube.com/results?search_query=mysterious+disappearances+that+were+never+explained&page=5,4/29/2016 16:41
1,https://www.youtube.com/watch?v=3-ZO-ODGzV0&list=PLyBS-rfDq9YB7r2Mf3XLT_0wMIbFnkvMn,4/29/2016 16:41
85,https://accounts.youtube.com/accounts/Logout2?hl=en&service=mail&ilo=1&ils=s.youtube%2Co.mail.google.com&ilc=0&continue=https%3A%2F%2Fmail.google.com%2Fmail&zx=-1110122894,4/29/2016 16:47
89,https://www.youtube.com/watch?v=3jCcMbrgOkQ,4/29/2016 16:48
89,https://www.youtube.com/results?search_query=6+inch+by+beyonce,4/29/2016 16:48
89,https://www.youtube.com/watch?v=1q3j3UBElaw,4/29/2016 16:48
89,https://www.youtube.com/watch?v=9ittnFb6znE,4/29/2016 16:49
89,https://www.youtube.com/watch?v=5PUWYc-Mio8,4/29/2016 16:50
89,https://www.youtube.com/watch?v=YHwVHi60wVw,4/29/2016 16:50
89,https://www.youtube.com/watch?v=HNtwcqjplQ8,4/29/2016 16:50
89,https://www.youtube.com/watch?v=6yABk_c8enM,4/29/2016 16:50
89,https://www.youtube.com/watch?v=meiU6TxysCg&feature=youtu.be,4/29/2016 16:51
77,https://www.youtube.com/watch?v=37FSZ9MGk0o,4/29/2016 17:10
1,https://www.youtube.com/watch?v=IQvk4-GWPZk&index=3&list=PLyBS-rfDq9YB7r2Mf3XLT_0wMIbFnkvMn,4/29/2016 17:13
77,https://www.youtube.com/watch?v=Viislqb2cqk,4/29/2016 17:16
139,https://www.youtube.com/watch?v=rAcRVxj7h5I,4/29/2016 17:16
139,https://www.youtube.com/watch?v=OWk9Rjz06jU,4/29/2016 17:19
1,https://www.youtube.com/watch?v=ZRQ8xWnP8NQ,4/29/2016 17:23
77,https://www.youtube.com/watch?v=eHuFs05_XKg&feature=youtu.be,4/29/2016 17:30
139,https://accounts.youtube.com/accounts/Logout2?hl=en-GB&service=mail&ilo=1&ils=s.youtube%2Cdoritos%2Co.mail.google.com%2Cs.GB&ilc=0&continue=https%3A%2F%2Fmail.google.com%2Fmail&zx=2135834794,4/29/2016 17:31
77,https://www.youtube.com/watch?v=jf5r3shuw88,4/29/2016 17:33
77,https://www.youtube.com/watch?v=uBlMl9BOanY,4/29/2016 17:36
77,https://www.youtube.com/watch?v=LGiiSJM2vjU,4/29/2016 17:39
1,https://www.youtube.com/watch?v=UlXVIaa3Alg&index=4&list=PLyBS-rfDq9YB7r2Mf3XLT_0wMIbFnkvMn,4/29/2016 17:56
1,https://www.youtube.com/watch?v=C8SKtvtPGSA&list=PLyBS-rfDq9YB7r2Mf3XLT_0wMIbFnkvMn&index=5,4/29/2016 18:17
166,https://www.youtube.com/user/LittleLightsofMine,4/29/2016 19:03
166,https://www.youtube.com/subscription_manager,4/29/2016 19:04
166,https://www.youtube.com/results?search_query=florence+and+the+machine,4/29/2016 19:04
166,https://www.youtube.com/channel/UCHF66aWLOxBW4l6VkSrS3cQ,4/29/2016 19:04
1,https://www.youtube.com/watch?v=naTlbbptNog&index=6&list=PLyBS-rfDq9YB7r2Mf3XLT_0wMIbFnkvMn,4/29/2016 19:12
77,https://www.youtube.com/watch?v=UVXHvhPj5Ws,4/29/2016 19:36
77,https://www.youtube.com/watch?v=P4U7VsbHl_0,4/29/2016 19:50
77,https://www.youtube.com/user/yvetteboucher,4/29/2016 19:51
77,https://www.youtube.com/user/yvetteboucher/videos,4/29/2016 19:51
77,https://www.youtube.com/feed/trending,4/29/2016 20:22
77,https://www.youtube.com/watch?v=H6_zvQQ5P8w,4/29/2016 20:23
167,https://www.youtube.com/results?search_query=dinosaur+park+overpeck+county+park,4/29/2016 20:29
167,https://www.youtube.com/channel/UCjhEViim_oCMq7LXxYZkUeA,4/29/2016 20:29
167,https://www.youtube.com/watch?v=aDM03jfD0s8,4/29/2016 20:29
77,https://www.youtube.com/watch?v=zP_Aw9EMB-U,4/29/2016 20:31
167,https://www.youtube.com/watch?v=b7QSwAhMuUY,4/29/2016 20:31
167,https://www.youtube.com/watch?v=5frGFugTrH4,4/29/2016 20:33
77,https://www.youtube.com/watch?v=8yGipyel-3I,4/29/2016 20:34
167,https://www.youtube.com/watch?v=vu8Ve-3N2Ho,4/29/2016 20:36
77,https://www.youtube.com/watch?v=8fEoWA9Vz3A,4/29/2016 20:37
167,https://www.youtube.com/results?search_query=spinosaurus,4/29/2016 20:43
167,https://www.youtube.com/watch?v=VTzfaY2kx0U,4/29/2016 20:43
167,https://www.youtube.com/watch?v=Qqs8uRBD56A,4/29/2016 20:47
34,https://www.youtube.com/watch?v=EGY93TN4RPw,4/29/2016 22:05
39,https://www.youtube.com/watch?v=pHG5_QEAb8s,4/29/2016 22:39
39,https://www.youtube.com/watch?v=Z0wAmsEQVn8,4/29/2016 22:45
39,https://www.youtube.com/watch?v=wboSNjQUeFU,4/29/2016 22:56
247,https://www.youtube.com/watch?v=tPOOXp3S2UI,4/29/2016 23:04
39,https://www.youtube.com/watch?v=pW9FfrOJ6vE,4/29/2016 23:10
39,https://www.youtube.com/watch?v=jH7Z335mrjs,4/29/2016 23:13
39,https://www.youtube.com/results?search_query=let%27s+go+crazy+lesson,4/29/2016 23:22
39,https://www.youtube.com/watch?v=o8u-TYqz_QM,4/29/2016 23:22
39,https://www.youtube.com/watch?v=ppVN0hh7wm4,4/29/2016 23:44
39,https://www.youtube.com/watch?v=_GCwb-W9TkM,4/29/2016 23:45
39,https://www.youtube.com/watch?v=cjbtbNXQ0_Y,4/29/2016 23:52
39,https://www.youtube.com/watch?v=UcDHXoQmxu0,4/30/2016 0:09
247,https://www.youtube.com/watch?v=KjEusWO6VPg,4/30/2016 0:33
39,https://www.youtube.com/watch?v=8w2lNpixqOc,4/30/2016 0:39
247,https://www.youtube.com/watch?v=KqpHTFJO4mE,4/30/2016 0:40
89,https://www.youtube.com/watch?time_continue=2&v=iqYa5FE-cfM,4/30/2016 0:41
89,https://www.youtube.com/watch?v=iqYa5FE-cfM,4/30/2016 0:42
89,https://www.youtube.com/channel/UCQWE1OktSwhuNbVLwDRwJBw,4/30/2016 0:43
89,https://www.youtube.com/watch?v=JvpFZfdVVTg,4/30/2016 0:43
89,https://www.youtube.com/watch?v=Ml3kM5wdnXY,4/30/2016 0:44
89,https://www.youtube.com/watch?v=5VzZdxp_eB4,4/30/2016 0:44
247,https://www.youtube.com/watch?v=4jLT7GQYNhI,4/30/2016 0:44
39,https://www.youtube.com/watch?v=oidpFKWfIiA,4/30/2016 0:46
247,https://www.youtube.com/watch?v=7wAFn4tYOUc&feature=iv&annotation_id=annotation_902437393&src_vid=4jLT7GQYNhI,4/30/2016 0:46
39,https://www.youtube.com/watch?v=Wmu5g75m5jQ,4/30/2016 1:04
39,https://www.youtube.com/watch?v=m5mXYQPBJ30,4/30/2016 1:32
39,https://www.youtube.com/watch?v=dyUWd9RQsHU,4/30/2016 1:39
39,https://www.youtube.com/watch?v=7LCRk56P3co,4/30/2016 1:42
39,https://www.youtube.com/watch?v=MsckuukyQlI,4/30/2016 1:44
39,https://www.youtube.com/watch?v=tR0soZgms9M,4/30/2016 1:45
39,https://www.youtube.com/watch?v=BnqJgLYrnPA,4/30/2016 1:49
39,https://www.youtube.com/watch?v=qE7THXV2G_c,4/30/2016 1:55
39,https://www.youtube.com/watch?v=4GbJuGwo7gg,4/30/2016 2:04
39,https://www.youtube.com/watch?v=MNicwi8yR1o,4/30/2016 2:10
39,https://www.youtube.com/results?search_query=dick+gregory+2016,4/30/2016 2:36
39,https://www.youtube.com/watch?v=0ljXFFtmoso,4/30/2016 2:37
247,https://www.youtube.com/watch?v=BnnhesQ8Rxc,4/30/2016 4:02
247,https://www.youtube.com/watch?v=_YM8OJsEKrc,4/30/2016 4:04
80,https://www.youtube.com/watch?v=EPx9fpTHHus,4/30/2016 4:28
80,https://www.youtube.com/watch?v=ZNcwlE5MpDA,4/30/2016 4:29
80,https://www.youtube.com/watch?v=kDS2S4R4Bvo,4/30/2016 4:30
80,https://www.youtube.com/watch?v=KnsHY4pqmP4,4/30/2016 4:30
80,https://www.youtube.com/results?search_query=leicester+city,4/30/2016 5:16
80,https://www.youtube.com/watch?v=pDxfksB4-OU,4/30/2016 5:16
1,https://www.youtube.com/watch?v=fGF-MGGLpB0&utm_source=Loop+Devotional&utm_campaign=5a04874549-Loop_7_Not_On_Your_Own3_9_2016&utm_medium=email&utm_term=0_a7b9cec9e0-5a04874549-100871873,4/30/2016 5:53
80,https://www.youtube.com/watch?v=pChrOorRZ50,4/30/2016 6:16
1,https://www.youtube.com/dashboard?o=U,4/30/2016 8:07
1,https://www.youtube.com/channel/UCA5O454s6jO9KxkZUg4wGuQ,4/30/2016 8:07
1,https://www.youtube.com/watch?v=VdphvuyaV_I,4/30/2016 8:22
1,https://www.youtube.com/watch?v=Fpq3YyfiJ9o,4/30/2016 8:42
1,https://www.youtube.com/user/jair333?feature=hovercard,4/30/2016 8:54
1,https://www.youtube.com/user/jair333,4/30/2016 8:54
1,https://www.youtube.com/results?search_query=bob+mink+losing+it,4/30/2016 10:59
1,https://www.youtube.com/watch?v=95Wq1rWTpBs,4/30/2016 10:59
1,https://www.youtube.com/watch?v=2NCLjppnef4,4/30/2016 11:05
1,https://www.youtube.com/watch?list=RD2NCLjppnef4&v=YQJ2ikEFn_4,4/30/2016 11:08
1,https://www.youtube.com/watch?v=8LMepaBdStM,4/30/2016 11:48
1,https://www.youtube.com/watch?v=V2SOZBtOF2U,4/30/2016 11:48
1,https://www.youtube.com/watch?v=VwcYqFjvNpQ,4/30/2016 11:50
1,https://www.youtube.com/watch?v=sjCCQZtBTSc,4/30/2016 12:01
1,https://www.youtube.com/watch?v=mLugUlj4SZs,4/30/2016 12:15
1,https://www.youtube.com/watch?v=xyIbJVqAlq8,4/30/2016 16:21
80,https://www.youtube.com/watch?v=S0uU6S-tcFE,4/30/2016 16:39
80,https://www.youtube.com/watch?v=ZUFMLpJUT70,4/30/2016 16:40
80,https://www.youtube.com/watch?v=qp5il7yhM4Y,4/30/2016 16:41
80,https://www.youtube.com/watch?v=PGXhG82HRX0,4/30/2016 16:41
80,https://www.youtube.com/watch?v=LS2WqYFIQGY,4/30/2016 16:48
251,https://www.youtube.com/watch?v=Fv_ys7DkPAo,4/30/2016 16:52
251,https://www.youtube.com/watch?v=ZRzXlapuXeI,4/30/2016 16:54
251,https://www.youtube.com/watch?v=I-pUvFAV4qE,4/30/2016 16:55
251,https://www.youtube.com/watch?v=JVwj26QacQM,4/30/2016 16:55
251,https://www.youtube.com/watch?v=9d4e5OyysMw,4/30/2016 16:55
77,https://www.youtube.com/watch?v=DSRDDqKO7U4,4/30/2016 18:20
77,https://www.youtube.com/watch?v=SDlLyPJMjLY,4/30/2016 18:27
77,https://www.youtube.com/watch?v=clyB08fTZ6M,4/30/2016 18:32
77,https://www.youtube.com/watch?v=n3R6pVKu3Ic,4/30/2016 18:44
1,https://www.youtube.com/watch?v=cQLv7CG10B4,4/30/2016 18:57
251,https://www.youtube.com/watch?v=TAe992oBNM8,4/30/2016 19:02
1,https://www.youtube.com/watch?v=YpOGB4SkcM4,4/30/2016 19:04
251,https://www.youtube.com/watch?v=zLAhRiUeJ8E,4/30/2016 19:07
251,https://www.youtube.com/watch?v=pHHvPKp5k9Q,4/30/2016 19:11
77,https://www.youtube.com/watch?v=6jpYQVztbIA,4/30/2016 19:16
77,https://www.youtube.com/watch?v=Bx0Wr6RvDQE,4/30/2016 19:29
251,https://www.youtube.com/watch?v=o4Q8R7RbbR8,4/30/2016 19:44
1,https://www.youtube.com/watch?v=4H2ldxsPMuI,4/30/2016 20:58
1,https://www.youtube.com/watch?v=bMxDYRpWfVc,4/30/2016 21:13
1,https://www.youtube.com/watch?v=ACn41h45sUo,4/30/2016 21:13
1,https://www.youtube.com/signin?app=desktop&next=%2Fwatch%3Fv%3DACn41h45sUo&action_prompt_identity=true,4/30/2016 21:14
1,https://www.youtube.com/results?search_query=lady+gaga+2012+vma+performance,4/30/2016 21:22
1,https://www.youtube.com/watch?v=z8gRp8mEiaU,4/30/2016 21:23
1,https://www.youtube.com/watch?v=xl0N7JM3wZk,4/30/2016 21:23
77,https://www.youtube.com/watch?v=nWgljf6CaJU,4/30/2016 21:23
1,https://www.youtube.com/results?search_query=lady+gaga+2013+vma+performance,4/30/2016 21:28
1,https://www.youtube.com/watch?v=FnvW-wVKgMI,4/30/2016 21:28
1,https://www.youtube.com/watch?v=OXm6_v0rMCY,4/30/2016 21:33
1,https://www.youtube.com/watch?v=aRWfs_Ug-rU,4/30/2016 21:38
1,https://www.youtube.com/results?search_query=lady+gaga+speechless,4/30/2016 21:39
1,https://www.youtube.com/watch?v=_7HvURBhMGE,4/30/2016 21:39
1,https://www.youtube.com/results?search_query=lady+gaga+sound+of+music+performance,4/30/2016 21:46
1,https://www.youtube.com/watch?v=vdqYmSf6tiE,4/30/2016 21:46
39,https://www.youtube.com/watch?v=5hPJfzRlKVw,5/10/2016 0:20
459,https://www.youtube.com/watch?v=0Rnq1NpHdmw,5/10/2016 0:27
504,https://www.youtube.com/watch?v=Xj2UKKHeq3c,5/10/2016 0:33
567,https://www.youtube.com/watch?v=aXpSxLbxuNA,5/10/2016 0:36
567,https://www.youtube.com/watch?v=CsqYJ_nK-A0,5/10/2016 0:36
567,https://www.youtube.com/watch?v=kDVGtI8f8_A,5/10/2016 0:36
39,https://www.youtube.com/watch?v=ZSf4KkOHQIk,5/10/2016 1:09
228,https://accounts.youtube.com/accounts/Logout2?hl=en&service=mail&ilo=1&ils=s.youtube%2Co.mail.google.com&ilc=0&continue=https%3A%2F%2Fmail.google.com%2Fmail&zx=520175006,5/10/2016 1:24
228,https://accounts.youtube.com/accounts/Logout2?hl=en&service=mail&ilo=1&ils=s.youtube%2Co.mail.google.com&ilc=0&continue=https%3A%2F%2Fmail.google.com%2Fmail&zx=-980373251,5/10/2016 1:28
278,https://www.youtube.com/watch?v=lYi0NjS1JWU,5/10/2016 1:34
439,https://www.youtube.com/watch?v=3yTeH6sHYhM,5/10/2016 1:40
39,https://www.youtube.com/watch?v=6RqxM7hT1qw,5/10/2016 1:41
504,https://www.youtube.com/watch?v=1SNw55EQvVQ,5/10/2016 2:12
1,https://www.youtube.com/watch?v=8xqQKsuReF8,5/10/2016 2:31
473,https://www.youtube.com/watch?v=zOVNzsHGG24,5/10/2016 2:39
504,https://www.youtube.com/watch?v=Hhnwx5UyL3U,5/10/2016 2:42
473,https://www.youtube.com/user/BuzzFeedYellow?src_vid=zOVNzsHGG24&annotation_id=annotation_3946803891&feature=iv,5/10/2016 2:43
473,https://www.youtube.com/watch?v=_srHhwbc9Ng,5/10/2016 2:44
504,https://www.youtube.com/results?search_query=youtube+boyband,5/10/2016 2:45
504,https://www.youtube.com/watch?v=17F1XPswLgk,5/10/2016 2:45
473,https://www.youtube.com/watch?v=S7en8lpNvP4,5/10/2016 2:47
504,https://www.youtube.com/watch?v=sK0DG5ywemE,5/10/2016 2:49
504,https://www.youtube.com/watch?v=_-j3YQq6Xwk,5/10/2016 2:54
504,https://www.youtube.com/watch?v=2UUFpy-DRCU,5/10/2016 2:58
504,https://www.youtube.com/watch?v=mWWl6L1QeO8&annotation_id=annotation_731283585&feature=iv&src_vid=2UUFpy-DRCU,5/10/2016 3:00
504,https://www.youtube.com/watch?v=5pnSKYIEN9c&feature=iv&src_vid=mWWl6L1QeO8&annotation_id=annotation_3505496827,5/10/2016 3:03
504,https://www.youtube.com/watch?v=LkEyCQbW8fM,5/10/2016 3:05
504,https://www.youtube.com/watch?v=48bwQVa0AQc&feature=iv&annotation_id=annotation_1145613425&src_vid=LkEyCQbW8fM,5/10/2016 3:07
504,https://www.youtube.com/user/BuzzFeedBlue?src_vid=48bwQVa0AQc&annotation_id=annotation_2439393991&feature=iv,5/10/2016 3:09
504,https://www.youtube.com/watch?v=oignILQNfhQ&list=UUBUVGPsJzc1U8SECMgBaMFw&src_vid=48bwQVa0AQc&annotation_id=annotation_1106807929&feature=iv,5/10/2016 3:09
504,https://www.youtube.com/watch?v=1ziPPItLiSY&list=UUBUVGPsJzc1U8SECMgBaMFw&feature=iv&annotation_id=annotation_717951655&src_vid=oignILQNfhQ,5/10/2016 3:12
504,https://www.youtube.com/watch?v=Rz5q7YbTXek&list=UUBUVGPsJzc1U8SECMgBaMFw&index=681,5/10/2016 3:14
504,https://www.youtube.com/watch?v=dQmsxdrUZQY&list=UUBUVGPsJzc1U8SECMgBaMFw&index=686,5/10/2016 3:16
504,https://www.youtube.com/watch?v=M-X31by6MXU&feature=iv&src_vid=dQmsxdrUZQY&annotation_id=annotation_437001381,5/10/2016 3:18
473,https://www.youtube.com/results?search_query=tommy+hilfiger+fashion+show+2016&spfreload=1,5/10/2016 3:30
473,https://www.youtube.com/results?search_query=tommy+hilfiger+fashion+show+2016+resort,5/10/2016 3:31
473,https://www.youtube.com/watch?v=xvUbhCQ_n6o,5/10/2016 3:31
473,https://www.youtube.com/results?search_query=tommy+hilfiger,5/10/2016 3:32
473,https://www.youtube.com/results?search_query=tommy+hilfiger+fashion+show,5/10/2016 3:33
473,https://www.youtube.com/results?search_query=tommy+hilfiger+fashion+show+spring,5/10/2016 3:33
473,https://www.youtube.com/watch?v=PYk4McQ3w2g,5/10/2016 3:33
473,https://www.youtube.com/watch?v=vvR4inIfiz8,5/10/2016 3:34
473,https://www.youtube.com/results?search_query=tommy+hilfiger+fashion+show&page=2,5/10/2016 3:35
473,https://www.youtube.com/user/tommyhilfiger,5/10/2016 3:35
473,https://www.youtube.com/user/tommyhilfiger/videos,5/10/2016 3:35
278,https://www.youtube.com/results?search_query=my+boo+ghost+town+djs,5/10/2016 3:42
278,https://www.youtube.com/watch?v=CPm7oCnpld8,5/10/2016 3:43
278,https://www.youtube.com/watch?v=Cx0xzO73Amo,5/10/2016 3:47
271,https://www.youtube.com/watch?v=yNENVZFHutQ,5/10/2016 3:49
278,https://www.youtube.com/watch?v=yvsuVY0o-zs,5/10/2016 3:50
148,https://www.youtube.com/results?search_query=philip+craig+and+dean+tell+your+heart+to+beat+again+,5/10/2016 3:58
504,https://www.youtube.com/watch?v=c-iPrzJovQk,5/10/2016 3:58
148,https://www.youtube.com/watch?v=tfgu6tW8Lg8,5/10/2016 3:59
504,https://www.youtube.com/watch?v=sBm3Gwx38Po,5/10/2016 4:01
148,https://www.youtube.com/watch?v=azYK8I2uoog,5/10/2016 4:02
278,https://www.youtube.com/watch?v=yu001Pywbs4&src_vid=yvsuVY0o-zs&annotation_id=annotation_161132053&feature=iv,5/10/2016 4:02
148,https://www.youtube.com/watch?v=eUHRDCYnFfg,5/10/2016 4:02
278,https://www.youtube.com/watch?v=C_PZUMwiaxk,5/10/2016 4:16
278,https://www.youtube.com/watch?v=wlvE2LvkW5o,5/10/2016 4:32
1,https://www.youtube.com/watch?v=ZNvYI7zxUgY,5/10/2016 4:34
1,https://www.youtube.com/watch?v=poRHIpaCsK0,5/10/2016 4:36
484,https://www.youtube.com/results?search_query=comparative+advantage+and+absolute+advantage,5/10/2016 4:37
278,https://www.youtube.com/watch?v=F2SXmzk8ve4,5/10/2016 4:45
484,https://www.youtube.com/watch?v=Vvfzaq72wd0,5/10/2016 4:45
278,https://www.youtube.com/watch?v=fUdXv3vsZd4,5/10/2016 4:45
504,https://www.youtube.com/watch?v=lmLqvy6HP5g,5/10/2016 4:47
504,https://www.youtube.com/watch?v=BlJLfuPNmqc,5/10/2016 4:54
278,https://www.youtube.com/watch?v=2Cih7xsBfBU,5/10/2016 4:57
124,https://www.youtube.com/watch?v=mIgKtyvYZYg,5/10/2016 4:59
504,https://www.youtube.com/watch?v=0dkwBSxNFsg,5/10/2016 4:59
484,https://www.youtube.com/watch?v=FpTBjRf8lGs,5/10/2016 5:03
495,https://www.youtube.com/watch?v=MMM7YGYUHfQ,5/10/2016 5:04
484,https://www.youtube.com/watch?v=Vvfzaq72wd0&spfreload=10,5/10/2016 5:13
484,https://www.youtube.com/watch?v=GO5-dVVQm1I&spfreload=10,5/10/2016 5:16
484,https://www.youtube.com/watch?v=-ptngjnBbRs,5/10/2016 5:19
1,https://www.youtube.com/watch?v=K8WlCqZPTeg,5/10/2016 5:26
1,https://www.youtube.com/watch?v=9YwJiVRlR3c,5/10/2016 5:27
1,https://www.youtube.com/watch?v=b25I5iN0NYk,5/10/2016 5:29
129,https://www.youtube.com/results?search_query=walmart+shoplifter,5/10/2016 6:35
129,https://www.youtube.com/watch?v=gEhgPflEpA8,5/10/2016 6:35
129,https://www.youtube.com/watch?v=RwaU6nm7C3Y,5/10/2016 7:02
129,https://www.youtube.com/watch?v=37WcZjcbjP4,5/10/2016 7:02
129,https://www.youtube.com/watch?v=7ec--GpRiKE,5/10/2016 7:05
129,https://www.youtube.com/watch?v=0kITwUPTrxo,5/10/2016 7:05
272,https://accounts.youtube.com/accounts/Logout2?hl=es&service=mail&ilo=1&ils=s.youtube%2Cdoritos%2Co.mail.google.com&ilc=0&continue=https%3A%2F%2Fmail.google.com%2Fmail&zx=875373806,5/10/2016 7:08
129,https://www.youtube.com/link_gplus?feature=channel,5/10/2016 7:09
129,https://www.youtube.com/watch?v=exX8TFjQmxc,5/10/2016 7:14
129,https://www.youtube.com/watch?v=l0DxEegSsKY,5/10/2016 7:16
129,https://www.youtube.com/watch?v=eTtihdolLHY,5/10/2016 7:22
129,https://www.youtube.com/watch?v=IwZaZro-U0M,5/10/2016 7:23
129,https://www.youtube.com/watch?v=q8euTpVf9EU,5/10/2016 7:25
129,https://www.youtube.com/watch?v=LhRDQFcVmh8,5/10/2016 7:26
129,https://www.youtube.com/watch?v=OkBIsDXqLng,5/10/2016 7:29
129,https://www.youtube.com/watch?v=XPncdRWQ32A,5/10/2016 7:34
129,https://www.youtube.com/watch?v=BzA3v74y0cc,5/10/2016 7:44
129,https://www.youtube.com/watch?v=orWwO3LrOKQ,5/10/2016 7:49
129,https://www.youtube.com/watch?v=WeWROGE4piM,5/10/2016 7:49
129,https://www.youtube.com/watch?v=_CvNfk9-4gY,5/10/2016 7:52
129,https://www.youtube.com/watch?v=RW3mXz-SVfw,5/10/2016 7:55
129,https://www.youtube.com/watch?v=rRdJY505hHg,5/10/2016 7:56
129,https://www.youtube.com/watch?v=L3jdU-6g8GE,5/10/2016 7:58
129,https://www.youtube.com/watch?v=hrILkKDYzmA,5/10/2016 8:02
129,https://www.youtube.com/watch?v=VJyIYhY1RC0,5/10/2016 8:03
129,https://www.youtube.com/watch?v=PkW_8DR14zs,5/10/2016 8:05
129,https://www.youtube.com/watch?v=3xWeLDJ6Lm8,5/10/2016 8:06
129,https://www.youtube.com/watch?v=xnoln6c1jDc,5/10/2016 8:09
129,https://www.youtube.com/watch?v=QrqH3zaMco4,5/10/2016 8:11
129,https://www.youtube.com/watch?v=83PrxUY3exI,5/10/2016 8:15
129,https://www.youtube.com/watch?v=9wDp0QeQcSc,5/10/2016 8:21
129,https://www.youtube.com/watch?v=is0JTsISZsQ,5/10/2016 8:22
129,https://www.youtube.com/watch?v=2e0Fb7qFYmU,5/10/2016 8:25
129,https://www.youtube.com/watch?v=-S-1S-RKhSI,5/10/2016 8:48
129,https://www.youtube.com/watch?v=gnmDnbNZW6w,5/10/2016 8:51
129,https://www.youtube.com/watch?v=8abuWfHWosg,5/10/2016 8:54
129,https://www.youtube.com/watch?v=9azuCZpGMss,5/10/2016 8:54
129,https://www.youtube.com/watch?v=P5a75_ZUAkw,5/10/2016 8:56
129,https://www.youtube.com/watch?v=K6EiOuFbSho,5/10/2016 8:57
129,https://www.youtube.com/watch?v=van_HyNyj24,5/10/2016 8:59
129,https://www.youtube.com/watch?v=IQzRtdEgO6Y,5/10/2016 9:01
129,https://www.youtube.com/watch?v=13nRIK6Eyb8,5/10/2016 9:02
129,https://www.youtube.com/watch?v=PGVnh2GRmeU,5/10/2016 9:04
129,https://www.youtube.com/watch?v=cx0I5b4raxg,5/10/2016 9:08
129,https://www.youtube.com/watch?v=3r40GGsC8l8,5/10/2016 9:13
129,https://www.youtube.com/watch?v=i0Hzp70ip2U,5/10/2016 9:17
129,https://www.youtube.com/watch?v=FgDL0YVfLa8,5/10/2016 9:19
129,https://www.youtube.com/watch?v=ITymBlHJ_cg,5/10/2016 9:20
156,https://www.youtube.com/watch?v=_srXkgV8dis,5/10/2016 9:58
156,https://www.youtube.com/watch?v=h4YvkZeLrjs&feature=share,5/10/2016 10:08
160,https://accounts.youtube.com/accounts/Logout2?hl=en-GB&service=mail&ilo=1&ils=s.youtube%2Cs.ZA%2Co.mail.google.com&ilc=0&continue=https%3A%2F%2Fmail.google.com%2Fmail&zx=1451699803,5/10/2016 10:21
1,https://www.youtube.com/watch?v=MUfAXfTnwgw,5/10/2016 21:28
425,https://www.youtube.com/watch?v=wMfvhvzHVUU,5/11/2016 8:33
425,https://www.youtube.com/watch?v=6uAnbD_x4mI,5/11/2016 8:37
31,https://www.youtube.com/watch?v=3AdHfkOgcBE,5/11/2016 9:07
425,https://www.youtube.com/watch?v=czObvihZF2Q,5/11/2016 9:13
425,https://www.youtube.com/watch?v=TebgWq9AqyY,5/11/2016 9:14
425,https://www.youtube.com/watch?v=NxeyBX_sWBk,5/11/2016 9:15
425,https://www.youtube.com/watch?v=HCFwT6oUPTw,5/11/2016 9:15
425,https://www.youtube.com/watch?v=PocZ_OLBJnI,5/11/2016 9:16
31,https://www.youtube.com/watch?v=2rzSkBLYu44,5/11/2016 9:23
703,https://www.youtube.com/user/JoshThomasWard,5/11/2016 9:32
703,https://www.youtube.com/user/JoshThomasWard/videos,5/11/2016 9:32
703,https://www.youtube.com/watch?v=hmFAAvLLRYM,5/11/2016 9:32
703,https://www.youtube.com/watch?v=3dv0wt_kvyY,5/11/2016 9:33
703,https://www.youtube.com/watch?v=a1k_Zlx7cYY,5/11/2016 9:35
129,https://www.youtube.com/watch?v=A8xVNwO_1Hc,5/11/2016 9:48
129,https://www.youtube.com/watch?v=jii3Hy8SqMo,5/11/2016 9:49
129,https://www.youtube.com/watch?v=EOTv8FDgFU4,5/11/2016 9:51
129,https://www.youtube.com/watch?v=rTRZnl_NbeU,5/11/2016 9:55
129,https://www.youtube.com/results?search_query=worst+swap,5/11/2016 9:55
129,https://www.youtube.com/watch?v=kBGPAkfm5v0,5/11/2016 9:57
31,https://www.youtube.com/watch?v=OnlGbNqiTEc,5/11/2016 10:25
31,https://www.youtube.com/watch?v=wEilABw-dEI,5/11/2016 10:26
31,https://www.youtube.com/watch?v=5Ic1Ukridms,5/11/2016 10:42
1,https://www.youtube.com/watch?v=JNCzB0fUsS0,5/11/2016 11:23
498,https://accounts.youtube.com/accounts/Logout2?hl=hu&service=mail&ilo=1&ils=s.youtube%2Co.mail.google.com&ilc=0&continue=https%3A%2F%2Fmail.google.com%2Fmail&zx=-1108761593,5/11/2016 11:25
1,https://www.youtube.com/watch?v=eNvM_A5h1Vo,5/11/2016 11:25
495,https://www.youtube.com/watch?v=B6N8--ZL7Mo,5/11/2016 11:53
495,https://www.youtube.com/channel/UCgWfS_47YPVbKx5EK4FLm4A,5/11/2016 11:58
495,https://www.youtube.com/user/clothesencounters/playlists,5/11/2016 11:58
495,https://www.youtube.com/watch?v=lpdLt6xD8MI,5/11/2016 11:58
495,https://www.youtube.com/watch?v=fprbC_FJMjk,5/11/2016 12:09
495,https://www.youtube.com/watch?v=-2A50-ckdmA,5/11/2016 12:14
495,https://www.youtube.com/results?search_query=clothesencounters+diet,5/11/2016 12:21
495,https://www.youtube.com/watch?v=Ci0gjKhImCo,5/11/2016 12:21
495,https://www.youtube.com/watch?v=1IDLhGk_Izc,5/11/2016 12:27
156,https://www.youtube.com/watch?v=DMcUbvZh3-o,5/11/2016 13:20
539,https://www.youtube.com/user/CetaphilUS,5/11/2016 13:52
167,https://www.youtube.com/watch?v=a-YSugoz3BI,5/11/2016 13:59
1,https://www.youtube.com/watch?v=bBWkPRSE-W4,5/11/2016 14:17
1,https://www.youtube.com/watch?annotation_id=annotation_884403&feature=iv&src_vid=bBWkPRSE-W4&v=oOYCHtKWICg,5/11/2016 14:20
1,https://www.youtube.com/watch?v=a1sl6-nazKw,5/11/2016 14:21
1,https://www.youtube.com/watch?v=mmUCu8VWsWg,5/11/2016 14:31
1,https://www.youtube.com/watch?v=zKmaGTIJQDQ,5/11/2016 14:31
1,https://www.youtube.com/watch?v=CcC6ISw-dEs,5/11/2016 14:32
156,https://www.youtube.com/channel/UCZxEvRscRiPMGTE5xmhiHHg,5/11/2016 15:05
668,https://www.youtube.com/watch?v=UkwXuFZZY5E,5/11/2016 15:12
156,https://www.youtube.com/watch?v=QCP4JkDWMCc,5/11/2016 15:15
156,https://www.youtube.com/watch?v=QCP4JkDWMCc&spfreload=5,5/11/2016 15:15
668,https://www.youtube.com/watch?v=Q_53Ef2Gvmc,5/11/2016 15:18
156,https://www.youtube.com/watch?v=u_M5MaxLL5U,5/11/2016 15:18
1,https://www.youtube.com/watch?v=ki_sWNdbTdI,5/11/2016 15:19
80,https://www.youtube.com/watch?v=33MtR-g4Jcg,5/11/2016 15:24
80,https://www.youtube.com/watch?v=iKCw-kqo3cs,5/11/2016 15:25
1,https://www.youtube.com/watch?v=5_k3XCb_rWQ,5/11/2016 15:32
668,https://www.youtube.com/watch?v=_hRYp8uSazg,5/11/2016 15:34
668,https://www.youtube.com/watch?v=4zobwPeoh1M,5/11/2016 15:40
668,https://www.youtube.com/watch?v=r9Z47wfKSYU,5/11/2016 15:40
668,https://www.youtube.com/watch?v=E6R_cq6JEPs,5/11/2016 15:44
668,https://www.youtube.com/watch?v=7KUbVrLwe8Y,5/11/2016 15:46
1,https://www.youtube.com/watch?v=5MuOgjXSia8,5/11/2016 15:51
1,https://www.youtube.com/watch?v=sBzrzS1Ag_g&oref=https%3A%2F%2Fwww.youtube.com%2Fwatch%3Fv%3DsBzrzS1Ag_g&has_verified=1,5/11/2016 15:51
1,https://www.youtube.com/watch?v=sBzrzS1Ag_g&oref=https%3A%2F%2Fwww.youtube.com%2Fwatch%3Fv%3DsBzrzS1Ag_g&has_verified=1&spfreload=5,5/11/2016 15:51
1,https://accounts.youtube.com/accounts/Logout2?hl=en&service=mail&ilo=1&ils=s.youtube%2Cyoutube%2Cdoritos%2Co.mail.google.com&ilc=0&continue=https%3A%2F%2Fmail.google.com%2Fmail&zx=-224743444,5/11/2016 15:53
539,https://www.youtube.com/user/CetaphilUS/videos,5/11/2016 15:55
668,https://www.youtube.com/watch?v=RSBbIZqYZx8,5/11/2016 15:56
668,https://www.youtube.com/watch?v=ZGR_kJBbN74,5/11/2016 15:59
1,https://www.youtube.com/watch?v=pxThcPIRgJs,5/11/2016 16:06
1,https://www.youtube.com/watch?v=8tci537lYTg,5/11/2016 16:06
362,https://accounts.youtube.com/accounts/Logout2?hl=en&ilo=1&ils=s.youtube%2Cdoritos%2Cwise%2Cwritely&ilc=0&continue=https%3A%2F%2Fwww.google.com%2F_%2Fchrome%2Fnewtab%3Fei%3DeYcrV8bgN8Ld-QGNy6WICw%26espv%3D2%26yv%3D2&zx=1309931366,5/11/2016 16:07
1,https://www.youtube.com/watch?v=pFptt7Cargc&spfreload=5,5/11/2016 16:07
668,https://www.youtube.com/watch?v=yb6ByfvhoPI,5/11/2016 16:23
1,https://www.youtube.com/watch?v=3LiSLYPvGoA,5/11/2016 16:24
668,https://www.youtube.com/watch?v=9JiL0wAWXSk,5/11/2016 16:26
668,https://www.youtube.com/watch?v=800FQs77UCA,5/11/2016 16:33
668,https://www.youtube.com/results?search_query=get+ready+with+me,5/11/2016 16:34
668,https://www.youtube.com/watch?v=v1sWiDDtoIs,5/11/2016 16:35
1,https://accounts.youtube.com/accounts/Logout2?hl=en-GB&service=mail&ilo=1&ils=s.youtube%2Cdoritos%2Co.mail.google.com%2Cs.GB&ilc=0&continue=https%3A%2F%2Fmail.google.com%2Fmail&zx=-394338957,5/11/2016 17:02
77,https://www.youtube.com/watch?v=iBXH95iXFaU,5/11/2016 17:09
124,http://www.youtube.com/watch?v=egwARrX1ik8&sns=em,5/11/2016 17:12
124,https://www.youtube.com/watch?v=egwARrX1ik8&sns=em,5/11/2016 17:12
484,https://www.youtube.com/watch?v=UG9FD2-zVzo,5/11/2016 17:12
473,https://www.youtube.com/watch?v=iKRwQr3Q4zc,5/11/2016 17:25
495,https://www.youtube.com/watch?v=f7RMWvN0KTc,5/11/2016 17:29
1,https://www.youtube.com/watch?v=Qz2k6t6rjBY,5/11/2016 17:30
77,https://www.youtube.com/watch?v=OsCfufAp2tM,5/11/2016 17:31
473,https://www.youtube.com/watch?v=AxGafZ1CUxk,5/11/2016 17:32
80,https://www.youtube.com/watch?v=neNSKcZySVk,5/11/2016 17:34
1,https://www.youtube.com/results?search_query=justin+timberlake+,5/11/2016 17:34
77,https://www.youtube.com/watch?v=oSM7d_xCYs0,5/11/2016 17:34
1,https://www.youtube.com/results?search_query=justin+timberlake+cant+stop,5/11/2016 17:34
1,https://www.youtube.com/watch?v=Ybo4QvKVHoE,5/11/2016 17:40
473,https://www.youtube.com/watch?v=GhdpWPUkHtM,5/11/2016 17:43
473,https://www.youtube.com/results?search_query=thelineup,5/11/2016 17:50
473,https://www.youtube.com/user/thelineupjm,5/11/2016 17:50
473,https://www.youtube.com/user/thelineupjm/videos,5/11/2016 17:50
473,https://www.youtube.com/watch?v=qHjMH3wSMy4,5/11/2016 17:50
77,https://www.youtube.com/watch?v=9QNaOUbvpqU,5/11/2016 17:53
1,https://www.youtube.com/playlist?list=PL2dHcK1nJqU8zCIhqC6gFIIIEikLi3AvB,5/11/2016 17:56
1,https://www.youtube.com/watch?v=YQHsXMglC9A&index=13&list=PL2dHcK1nJqU8zCIhqC6gFIIIEikLi3AvB,5/11/2016 17:56
473,https://www.youtube.com/watch?v=7QcfCuubi8w,5/11/2016 17:56
1,https://www.youtube.com/watch?v=lp-EO5I60KA&list=PL2dHcK1nJqU8zCIhqC6gFIIIEikLi3AvB&index=14,5/11/2016 18:04
1,https://www.youtube.com/watch?v=RgKAFK5djSk&list=PL2dHcK1nJqU8zCIhqC6gFIIIEikLi3AvB&index=15,5/11/2016 18:10
288,https://www.youtube.com/watch?v=76RyTYgrMFY,5/11/2016 18:10
288,https://www.youtube.com/watch?v=-SgbEFp0AcA,5/11/2016 18:14
288,https://www.youtube.com/watch?v=w4tNgv9NXK0,5/11/2016 18:16
1,https://www.youtube.com/watch?v=igNVdlXhKcI&list=PL2dHcK1nJqU8zCIhqC6gFIIIEikLi3AvB&index=18,5/11/2016 18:19
288,https://www.youtube.com/watch?v=Bx9xLCiD1EI,5/11/2016 18:20
1,https://www.youtube.com/playlist?list=PLH5pdtFfw8ydZiZydVTzz9J082J86F8Rd,5/11/2016 18:20
1,https://www.youtube.com/watch?v=ZygPMpxEM3U&list=PLH5pdtFfw8ydZiZydVTzz9J082J86F8Rd,5/11/2016 18:21
288,https://www.youtube.com/watch?v=P15UFeOd21M,5/11/2016 18:22
288,https://www.youtube.com/watch?v=P2baPZ2-yEc,5/11/2016 18:23
288,https://www.youtube.com/watch?v=qA_b_KMKJvQ,5/11/2016 18:23
288,https://www.youtube.com/watch?v=3X0FkXmHx_w,5/11/2016 18:23
288,https://www.youtube.com/watch?v=-sbpxpYCLfs,5/11/2016 18:23
422,https://www.youtube.com/results?search_query=snl+new+barbie,5/11/2016 18:25
422,https://www.youtube.com/watch?v=1NcH32E6nMk,5/11/2016 18:25
288,https://www.youtube.com/watch?v=QJYEhPZbwao,5/11/2016 18:25
288,https://www.youtube.com/watch?v=EXgvejrtFLk,5/11/2016 18:29
1,https://www.youtube.com/watch?v=tC5IiYpozuE&list=PLH5pdtFfw8ydZiZydVTzz9J082J86F8Rd&index=3,5/11/2016 18:33
1,https://www.youtube.com/watch?v=1_dD-nVS6ps&index=2&list=PLH5pdtFfw8ydZiZydVTzz9J082J86F8Rd,5/11/2016 18:33
1,https://www.youtube.com/watch?v=BMTEqvYBbMc&index=4&list=PLH5pdtFfw8ydZiZydVTzz9J082J86F8Rd,5/11/2016 18:34
1,https://www.youtube.com/watch?v=hoz5CKsp38A&index=6&list=PLH5pdtFfw8ydZiZydVTzz9J082J86F8Rd,5/11/2016 18:34
1,https://www.youtube.com/results?search_query=tame+impala+the+less+i+know+the+better,5/11/2016 18:40
1,https://www.youtube.com/watch?v=sBzrzS1Ag_g,5/11/2016 18:40
622,https://www.youtube.com/user/yrf,5/11/2016 18:42
622,https://www.youtube.com/user/erosentertainment,5/11/2016 18:42
622,https://www.youtube.com/user/tseries,5/11/2016 18:47
622,https://www.youtube.com/watch?v=B4GYcMbdwWk,5/11/2016 18:47
1,https://www.youtube.com/watch?v=m-CRS46uJhw&index=9&list=PLH5pdtFfw8ydZiZydVTzz9J082J86F8Rd,5/11/2016 18:47
622,https://www.youtube.com/watch?v=IYMJ_ZNqQLA,5/11/2016 18:48
1,https://www.youtube.com/watch?v=hi4pzKvuEQM,5/11/2016 18:50
622,https://www.youtube.com/channel/UCq-Fj5jknLsUf-MWSy4_brA,5/11/2016 18:51
622,https://www.youtube.com/user/zeemusiccompany,5/11/2016 18:51
1,https://www.youtube.com/watch?v=6vopR3ys8Kw,5/11/2016 18:52
622,https://www.youtube.com/user/sonymusicindiaSME,5/11/2016 18:52
622,https://www.youtube.com/results?search_query=dharma+productions,5/11/2016 18:52
622,https://www.youtube.com/user/DharmaMovies,5/11/2016 18:52
622,https://www.youtube.com/watch?v=OCUAD9H0zyM,5/11/2016 18:54
622,https://www.youtube.com/results?search_query=utv+motion+pictures,5/11/2016 18:55
622,https://www.youtube.com/user/UTVMotionPictures,5/11/2016 18:55
1,https://www.youtube.com/watch?v=D7GW8TYCEG4&list=PLH5pdtFfw8ydZiZydVTzz9J082J86F8Rd&index=12,5/11/2016 19:01
1,https://www.youtube.com/watch?v=tro8S8i9Z4U,5/11/2016 19:02
1,https://www.youtube.com/watch?v=he3DJLXbebI&list=PLH5pdtFfw8ydZiZydVTzz9J082J86F8Rd&index=13,5/11/2016 19:06
1,https://www.youtube.com/watch?v=AWpsOqh8q0M&index=14&list=PLH5pdtFfw8ydZiZydVTzz9J082J86F8Rd,5/11/2016 19:08
742,https://www.youtube.com/watch?v=lsJLLEwUYZM,5/11/2016 19:10
742,https://www.youtube.com/results?search_query=panada,5/11/2016 19:10
742,https://www.youtube.com/results?search_query=panda+desiigner+lyrics,5/11/2016 19:10
742,https://www.youtube.com/results?search_query=panda+desiigner+cover,5/11/2016 19:10
742,https://www.youtube.com/watch?v=ZZKpHH6IHC0,5/11/2016 19:11
742,https://www.youtube.com/watch?v=K_9tX4eHztY,5/11/2016 19:11
317,https://www.youtube.com/channel/UCfCq-0GqaJQuZGcuGtnNgLQ,5/11/2016 19:13
473,https://www.youtube.com/watch?v=32ndO22BorM&feature=youtu.be,5/11/2016 19:13
317,https://www.youtube.com/watch?v=kMEOgQZL3i8,5/11/2016 19:13
317,https://www.youtube.com/watch?v=hmALkxTUiEU,5/11/2016 19:14
317,https://www.youtube.com/watch?v=u6CDoj0nCFM,5/11/2016 19:15
317,https://www.youtube.com/watch?v=uyYYsFbNWXg,5/11/2016 19:20
473,https://www.youtube.com/watch?v=HPveBsOJBfA,5/11/2016 19:23
317,https://www.youtube.com/watch?v=mAxvK2aGtQU,5/11/2016 19:25
389,https://www.youtube.com/watch?v=Unyw70NzRuc,5/11/2016 19:26
473,https://www.youtube.com/watch?v=e5WJ5_0Z7Ww,5/11/2016 19:31
1,https://www.youtube.com/watch?v=ekzHIouo8Q4&list=PLH5pdtFfw8ydZiZydVTzz9J082J86F8Rd&index=20,5/11/2016 19:36
1,https://www.youtube.com/watch?v=450p7goxZqg&index=21&list=PLH5pdtFfw8ydZiZydVTzz9J082J86F8Rd,5/11/2016 19:42
1,https://www.youtube.com/watch?v=pB-5XG-DbAA&list=PLH5pdtFfw8ydZiZydVTzz9J082J86F8Rd&index=22,5/11/2016 19:51
495,https://www.youtube.com/watch?v=gg3y5pnznvA,5/11/2016 19:59
1,https://www.youtube.com/watch?v=aU4VcOQzQm0,5/11/2016 20:01
228,https://accounts.youtube.com/accounts/Logout2?hl=en&service=mail&ilo=1&ils=s.youtube%2Cdoritos%2Co.mail.google.com&ilc=0&continue=https%3A%2F%2Fmail.google.com%2Fmail&zx=-2100423557,5/11/2016 20:05
563,https://accounts.youtube.com/accounts/SetSID?ssdc=1&sidt=ALWU2csZAPebvTJejpwejRBsAAzEqrpverIfMV%2F%2FMwjGrHTEV91YgVxIt0r0ycWuOqWeHbfwIUKDFCh7nP6fVGpEwloL%2FJBP0Pan3hwP03xG6Rs48oPAshGtxgb5J12EKpD66BfYTsYNdiFNnSDHXBpiOe9TzPScKcrUjPn7yrmaogwtos9pyxZVqUePBDChuQceYhb2yA9NEh1qF89Up70jVOfBQkFJwASiSpzunLDCwx5PDEAYN07pzH4Ox8Ej0SDbw1YMJtZ1HCY%2ByneqQzYicPskBXv7YUbitnuu%2Bqh%2FFnw2cuFrIkk%3D&continue=http%3A%2F%2Fwww.youtube.com%2Fsignin%3Fapp%3Ddesktop%26next%3D%252F%26hl%3Den%26action_handle_signin%3Dtrue,5/11/2016 20:08
563,https://accounts.youtube.com/accounts/SetSID?ssdc=1&sidt=*&continue=http%3A%2F%2Fwww.youtube.com%2Fsignin%3Fapp%3Ddesktop%26next%3D%252F%26hl%3Den%26action_handle_signin%3Dtrue,5/11/2016 20:08
563,https://www.youtube.com/results?search_query=westchester+children%27s+association,5/11/2016 20:08
563,https://www.youtube.com/watch?v=QkXKQ5RtHxA,5/11/2016 20:08
563,https://www.youtube.com/channel/UCtloMVdhWnMMcVuKajXHD6Q,5/11/2016 20:08
563,https://www.youtube.com/user/wca4kids/videos,5/11/2016 20:08
563,https://www.youtube.com/upload,5/11/2016 20:08
1,https://www.youtube.com/watch?v=HaMq2nn5ac0&index=23&list=PLH5pdtFfw8ydZiZydVTzz9J082J86F8Rd,5/11/2016 20:10
1,https://www.youtube.com/watch?v=d6SBdu1WalU,5/11/2016 20:14
278,https://www.youtube.com/results?search_query=planes+jeremih+j+cole,5/11/2016 20:15
278,https://www.youtube.com/watch?v=--5u48IaR4M,5/11/2016 20:15
1,https://www.youtube.com/watch?v=CZ_3G4xqSDQ,5/11/2016 20:15
563,https://www.youtube.com/watch?v=1pNz2B7NeLE&feature=youtu.be,5/11/2016 20:16
566,https://accounts.youtube.com/accounts/Logout2?hl=en&service=mail&ilo=1&ils=s.youtube%2Cdoritos%2Co.mail.google.com&ilc=0&continue=https%3A%2F%2Fmail.google.com%2Fmail&zx=-1481671998,5/11/2016 20:20
278,https://www.youtube.com/results?search_query=vacation+song+rhett+and+link,5/11/2016 20:20
278,https://www.youtube.com/watch?v=M2WTRqCu_DY,5/11/2016 20:20
1,https://www.youtube.com/watch?v=09R8_2nJtjg&list=PLH5pdtFfw8ydZiZydVTzz9J082J86F8Rd&index=25,5/11/2016 20:22
1,https://www.youtube.com/watch?v=UY6mr9fO-9M&list=PLH5pdtFfw8ydZiZydVTzz9J082J86F8Rd&index=28,5/11/2016 20:22
228,https://accounts.youtube.com/accounts/Logout2?hl=en&service=mail&ilo=1&ils=s.youtube%2Co.mail.google.com&ilc=0&continue=https%3A%2F%2Fmail.google.com%2Fmail&zx=-1289488523,5/11/2016 20:27
737,https://www.youtube.com/watch?v=Dy3otqLAtIU,5/11/2016 20:27
563,https://www.youtube.com/watch?v=1pNz2B7NeLE,5/11/2016 20:28
278,https://www.youtube.com/results?search_query=jennifer+lopez+and+ja+rule+i%27m+real,5/11/2016 20:35
278,https://www.youtube.com/watch?v=Sjx9oSJDAVQ,5/11/2016 20:35
1,https://www.youtube.com/watch?v=eDuRoPIOBjE&list=PLH5pdtFfw8ydZiZydVTzz9J082J86F8Rd&index=30,5/11/2016 20:45
228,https://www.youtube.com/channel/UCBAgEFUZzCG-fslRruLUhsg?sub_confirmation=1,5/11/2016 20:46
563,https://accounts.youtube.com/accounts/Logout2?hl=en&service=mail&ilo=1&ils=s.youtube%2Cyoutube%2Cdoritos%2Co.mail.google.com&ilc=0&continue=https%3A%2F%2Fmail.google.com%2Fmail&zx=-1903188017,5/11/2016 20:51
1,https://www.youtube.com/watch?v=2K9y217LQ_A,5/11/2016 21:02
60,https://www.youtube.com/watch?v=7NaQnAkO2wU,5/11/2016 21:04
60,https://www.youtube.com/watch?v=hWES0YBPfHE,5/11/2016 21:07
1,https://www.youtube.com/watch?v=AMjmXE6Gaac,5/11/2016 21:09
60,https://www.youtube.com/watch?v=jNnMvySaDjE,5/11/2016 21:15
60,https://www.youtube.com/watch?v=2HAhQ9_0gkM,5/11/2016 21:16
1,https://www.youtube.com/watch?v=CQLJ-Fn6XcQ,5/11/2016 21:16
60,https://www.youtube.com/results?search_query=stateless+bloodstream,5/11/2016 21:16
60,https://www.youtube.com/watch?v=Sn3-1kvv6u4,5/11/2016 21:17
32,https://www.youtube.com/watch?v=P07Eu90LeS8,5/11/2016 21:19
32,https://www.youtube.com/results?search_query=onion+rings,5/11/2016 21:19
1,https://www.youtube.com/watch?v=yw8pP5oN0cc,5/11/2016 21:19
32,https://www.youtube.com/watch?v=9qK9Rg_uPXA,5/11/2016 21:19
1,https://www.youtube.com/watch?v=qRpWcPmX1SI,5/11/2016 21:20
60,https://www.youtube.com/watch?v=UXjT8qWZ-aQ,5/11/2016 21:20
32,https://www.youtube.com/watch?v=pNAwkqm4t3A,5/11/2016 21:22
1,https://www.youtube.com/results?search_query=mango+tango,5/11/2016 21:22
1,https://www.youtube.com/channel/UCktaw9L-f65LzUUdjmCFkbQ?v=_7L27sdiXDo,5/11/2016 21:22
32,https://www.youtube.com/watch?v=16kStCsGcWg,5/11/2016 21:22
1,https://www.youtube.com/watch?v=h1yiLMytmVM,5/11/2016 21:23
1,https://www.youtube.com/watch?v=0PcXWipfb2Y&list=PLjfp7eBlZ7n-68QaI1rhcZST_zgd0kf-Y,5/11/2016 21:23
1,https://www.youtube.com/watch?v=uHA-KJN8Aew&list=PLjfp7eBlZ7n-68QaI1rhcZST_zgd0kf-Y&index=23,5/11/2016 21:23
1,https://www.youtube.com/watch?v=g6rwuwT45eQ&index=24&list=PLjfp7eBlZ7n-68QaI1rhcZST_zgd0kf-Y,5/11/2016 21:23
32,https://www.youtube.com/watch?v=y5KPZp2t52U,5/11/2016 21:26
1,https://www.youtube.com/watch?v=nMnbbB8vJSk&list=PLjfp7eBlZ7n-68QaI1rhcZST_zgd0kf-Y&index=19,5/11/2016 21:28
60,https://www.youtube.com/watch?v=V3b1CDLsiGU,5/11/2016 21:28
1,https://www.youtube.com/watch?v=nMnbbB8vJSk&index=19&list=PLjfp7eBlZ7n-68QaI1rhcZST_zgd0kf-Y,5/11/2016 21:29
1,https://www.youtube.com/watch?v=1lcUBbZqqkc&list=PLjfp7eBlZ7n-68QaI1rhcZST_zgd0kf-Y&index=16,5/11/2016 21:29
228,https://accounts.youtube.com/accounts/Logout2?hl=en&service=mail&ilo=1&ils=s.youtube%2Cdoritos%2Co.mail.google.com&ilc=0&continue=https%3A%2F%2Fmail.google.com%2Fmail&zx=264707387,5/11/2016 21:29
228,https://accounts.youtube.com/accounts/Logout2?hl=en&service=mail&ilo=1&ils=s.youtube%2Co.mail.google.com&ilc=0&continue=https%3A%2F%2Fmail.google.com%2Fmail&zx=-310018107,5/11/2016 21:30
32,https://www.youtube.com/watch?v=4UKs8zW5rBc,5/11/2016 21:32
1,https://www.youtube.com/watch?v=nhC92HKHSz4,5/11/2016 21:32
1,https://www.youtube.com/watch?v=jM3frx4kNxU,5/11/2016 21:36
1,https://www.youtube.com/watch?v=HMDlvhDrSRc,5/11/2016 21:37
60,https://www.youtube.com/watch?v=8IHFVn0sv14,5/11/2016 21:37
32,https://www.youtube.com/watch?v=J6eJtNvTWII,5/11/2016 21:37
1,https://www.youtube.com/watch?v=QiwVU8YnbAA&list=PLjfp7eBlZ7n-68QaI1rhcZST_zgd0kf-Y&index=10,5/11/2016 21:39
32,https://www.youtube.com/watch?v=pjrM0_cFyyA,5/11/2016 21:39
1,https://www.youtube.com/watch?v=Io_Bt9A4jho,5/11/2016 21:41
32,https://www.youtube.com/watch?v=Fec7xuQAHo4,5/11/2016 21:41
32,https://www.youtube.com/watch?v=shqsRzfia_k,5/11/2016 21:41
1,https://www.youtube.com/channel/UC3dNqdtZ5x0OmzliRlcskgw,5/11/2016 21:42
1,https://www.youtube.com/watch?v=eO25EWfMXbU,5/11/2016 21:42
1,https://www.youtube.com/watch?v=8o551SA4jW4,5/11/2016 21:46
1,https://www.youtube.com/user/LittleLizardGaming,5/11/2016 21:47
1,https://www.youtube.com/watch?v=TETEM8K__E4,5/11/2016 21:47
1,https://www.youtube.com/playlist?list=WL,5/11/2016 21:48
1,https://www.youtube.com/watch?v=0Rnq1NpHdmw&index=22&list=WL,5/11/2016 21:49
658,https://www.youtube.com/watch?v=7n4kXwjDquI,5/11/2016 21:49
1,https://www.youtube.com/watch?v=tor-rROUeh8,5/11/2016 21:49
1,https://www.youtube.com/results?search_query=carpool+kareoke+gwen,5/11/2016 21:52
1,https://www.youtube.com/watch?v=xKqWvDY1j3k,5/11/2016 21:52
1,https://www.youtube.com/watch?v=hNPoOuY8HMs,5/11/2016 21:54
658,https://www.youtube.com/watch?v=R_QAyicpMIs,5/11/2016 21:59
658,https://www.youtube.com/watch?v=wYkTZauMwLY,5/11/2016 22:05
658,https://www.youtube.com/results?search_query=ass+isolations,5/11/2016 22:05
737,https://www.youtube.com/watch?v=R7idT4ExBBg,5/11/2016 22:10
658,https://www.youtube.com/watch?v=ps-wc5jfNS8,5/11/2016 22:15
737,https://www.youtube.com/watch?v=gHbDli_aSMo,5/11/2016 22:17
752,https://www.youtube.com/watch?v=-1l0KcMaXNw&feature=youtu.be,5/11/2016 22:19
658,https://www.youtube.com/watch?v=mhFz7QUP01U,5/11/2016 22:19
1,https://www.youtube.com/results?search_query=mangle+song,5/11/2016 22:28
1,https://www.youtube.com/results?search_query=mangle+song+from+the+miove,5/11/2016 22:29
1,https://www.youtube.com/results?q=mangle+song+from+the+movie,5/11/2016 22:29
1,https://www.youtube.com/watch?v=TlSNq14wJdE,5/11/2016 22:30
658,https://www.youtube.com/watch?v=eVFDJXOci88,5/11/2016 22:30
60,https://www.youtube.com/watch?v=QNwX1lDLcAk,5/11/2016 22:32
1,https://www.youtube.com/results?search_query=five+nights+at+freddy%27s+movie,5/11/2016 22:33
1,https://www.youtube.com/results?search_query=five+nights+at+freddy%27s+movie+trailer,5/11/2016 22:34
1,https://www.youtube.com/watch?v=MR-S268MZbE,5/11/2016 22:34
658,https://www.youtube.com/results?search_query=twerking,5/11/2016 22:34
658,https://www.youtube.com/watch?v=RQll_iZ7QAE,5/11/2016 22:35
1,https://www.youtube.com/results?search_query=five+nights+at+freddy%27s+movie+trailer+mangel,5/11/2016 22:35
1,https://www.youtube.com/watch?v=I7RKKc9KiQI,5/11/2016 22:36
60,https://www.youtube.com/watch?v=SFGvmrJ5rjM,5/11/2016 22:38
658,https://www.youtube.com/results?search_query=i+want+that+pussy+for+breakfest,5/11/2016 22:40
658,https://www.youtube.com/watch?v=YD_RGpbRHbU,5/11/2016 22:40
1,https://www.youtube.com/watch?v=dUVa4Njm82o,5/11/2016 22:43
658,https://www.youtube.com/results?search_query=twerking&page=2,5/11/2016 22:44
658,https://www.youtube.com/watch?v=h1Aw3qI7X74,5/11/2016 22:44
1,https://www.youtube.com/watch?v=GI-3DDYh-qA,5/11/2016 22:46
1,https://www.youtube.com/watch?v=-AnZWl0POC8,5/11/2016 22:47
1,https://www.youtube.com/watch?v=xzwgrCyi700,5/11/2016 22:49
658,https://www.youtube.com/watch?v=Icnkaf4JcY4,5/11/2016 22:49
60,https://www.youtube.com/watch?v=dX3k_QDnzHE,5/11/2016 22:51
60,https://www.youtube.com/results?search_query=chuck+and+sarah+,5/11/2016 22:51
498,https://www.youtube.com/watch?v=tKmmjdsahOs&feature=youtu.be,5/11/2016 22:51
60,https://www.youtube.com/results?search_query=chuck+and+sarah&page=2,5/11/2016 22:51
60,https://www.youtube.com/results?search_query=chuck+and+sarah&page=3,5/11/2016 22:52
60,https://www.youtube.com/watch?v=GBsqSQTN59M,5/11/2016 22:52
60,https://www.youtube.com/watch?v=HInZ13hwvlE,5/11/2016 22:52
473,https://www.youtube.com/watch?v=Qi6WUCTdjY4,5/11/2016 22:56
60,https://www.youtube.com/watch?v=T7yP5dBpYSQ,5/11/2016 22:56
737,https://www.youtube.com/watch?v=xLT0nudfEg4,5/11/2016 22:58
60,https://www.youtube.com/watch?v=ZzxXsroVNyQ,5/11/2016 23:00
1,https://www.youtube.com/results?search_query=shake+it+off+taylor+swift,5/11/2016 23:03
1,https://www.youtube.com/watch?v=nfWlot6h_JM,5/11/2016 23:03
473,https://www.youtube.com/channel/UCjwmbv6NE4mOh8Z8VhPUx1Q,5/11/2016 23:05
278,https://www.youtube.com/results?search_query=yonce+partition+beyonce+lyrics,5/11/2016 23:06
473,https://www.youtube.com/user/RosannaPansino/videos,5/11/2016 23:06
278,https://www.youtube.com/watch?v=Py6_oJRVbTA,5/11/2016 23:06
129,https://www.youtube.com/results?search_query=shop+lifters,5/11/2016 23:10
129,https://www.youtube.com/watch?v=hIInbXoQhvM,5/11/2016 23:11
60,https://www.youtube.com/watch?v=VpYzHIFz5lA,5/11/2016 23:11
278,https://www.youtube.com/watch?v=X8pp-8bmxhI,5/11/2016 23:11
129,https://www.youtube.com/watch?v=afwBomJikKY,5/11/2016 23:14
60,https://www.youtube.com/watch?v=eNhx-5o5_BM,5/11/2016 23:18
658,https://www.youtube.com/user/thecaramelkitten,5/11/2016 23:19
129,https://www.youtube.com/watch?v=-2sm0pp2UMg,5/11/2016 23:19
658,https://www.youtube.com/watch?v=8IzB6A35l0c,5/11/2016 23:19
1,https://www.youtube.com/watch?v=lTt1tb6KbgY,5/11/2016 23:20
566,https://accounts.youtube.com/accounts/Logout2?hl=en&service=mail&ilo=1&ils=s.youtube%2Cdoritos%2Co.mail.google.com&ilc=0&continue=https%3A%2F%2Fmail.google.com%2Fmail&zx=-514855873,5/11/2016 23:21
658,https://www.youtube.com/watch?v=OcbpQZd6F-I,5/11/2016 23:21
60,https://www.youtube.com/watch?v=Cj4QBzqB5zk,5/11/2016 23:22
658,https://www.youtube.com/watch?v=S6l5_PgaFik,5/11/2016 23:23
658,https://www.youtube.com/watch?v=2mYqNh9cYlo,5/11/2016 23:25
1,https://www.youtube.com/watch?v=GJPfkIjobaI,5/11/2016 23:25
60,https://www.youtube.com/watch?v=B6MQQNAHn-Q,5/11/2016 23:26
129,https://www.youtube.com/watch?v=KdMjeoWvZPE,5/11/2016 23:27
1,https://www.youtube.com/watch?v=mkwdWmVAGeM,5/11/2016 23:27
1,https://www.youtube.com/watch?v=X5wgGV6FJro,5/11/2016 23:27
129,https://www.youtube.com/watch?v=Nu_SHdtslww,5/11/2016 23:27
1,https://www.youtube.com/watch?v=KlyXNRrsk4A,5/11/2016 23:28
1,https://www.youtube.com/watch?v=Zi1UBHG6ZmY,5/11/2016 23:28
60,https://www.youtube.com/watch?v=fV5xzUjOiCI,5/11/2016 23:29
737,https://www.youtube.com/results?search_query=antonio+costa+,5/11/2016 23:29
737,https://www.youtube.com/results?sp=EgIYAg%253D%253D&q=antonio+costa,5/11/2016 23:29
737,https://www.youtube.com/results?q=antonio+costa&sp=EgQIBRgC,5/11/2016 23:29
129,https://www.youtube.com/watch?v=JmHgwofANJo,5/11/2016 23:31
129,https://www.youtube.com/watch?v=gY1PlVpcE_E,5/11/2016 23:32
60,https://www.youtube.com/watch?v=wg_wU8yeJw4,5/11/2016 23:33
658,https://www.youtube.com/channel/UCDI56-XbFf1LviSGBNhkx6A,5/11/2016 23:34
1,https://www.youtube.com/channel/UC4f1zAG2BTkfOQV4_nFbpBQ,5/11/2016 23:37
1,https://www.youtube.com/watch?v=hGBmqnYew60,5/11/2016 23:37
1,https://www.youtube.com/user/TheAtlanticCraft,5/11/2016 23:38
60,https://www.youtube.com/watch?v=ec27CFQf8HM,5/11/2016 23:38
60,https://www.youtube.com/watch?v=0UFCLUgiwVA,5/11/2016 23:38
1,https://www.youtube.com/user/TheDiamondMinecart,5/11/2016 23:38
60,https://www.youtube.com/watch?v=86GN0fcUPpo,5/11/2016 23:38
1,https://www.youtube.com/channel/UCp9AkWp4jfrEyZKhOTo5rbA,5/11/2016 23:38
60,https://www.youtube.com/watch?v=3BprEmo7Lag,5/11/2016 23:39
1,https://www.youtube.com/watch?v=OUcBQBD5k5k,5/11/2016 23:40
60,https://www.youtube.com/watch?v=kxwhfnJvPBs,5/11/2016 23:42
129,https://www.youtube.com/watch?v=kCKiI6N51t0,5/11/2016 23:43
1,https://accounts.youtube.com/accounts/Logout2?hl=en&service=mail&ilo=1&ils=s.youtube%2Cdoritos%2Cwise%2Cwritely%2Co.mail.google.com&ilc=0&continue=https%3A%2F%2Fmail.google.com%2Fmail&zx=1289621320,5/11/2016 23:44
129,https://www.youtube.com/watch?v=hp9W5pj7iVU,5/11/2016 23:45
129,https://www.youtube.com/watch?v=qpm2zpuxKVM,5/11/2016 23:45
60,https://www.youtube.com/watch?v=yew21IH705k,5/11/2016 23:45
129,https://www.youtube.com/watch?v=joj-XwOrI4A,5/11/2016 23:45
658,https://www.youtube.com/user/TheOfficialtwerkteam/videos,5/11/2016 23:46
658,https://www.youtube.com/watch?v=2U2bQVbKmKw,5/11/2016 23:46
60,https://www.youtube.com/watch?v=jAwUf_WGr5Y,5/11/2016 23:47
129,https://www.youtube.com/watch?v=fN4TD50DliA,5/11/2016 23:48
658,https://www.youtube.com/watch?v=m6gRSL7oW5E,5/11/2016 23:49
129,https://www.youtube.com/watch?v=QKtMLhN_zeE,5/11/2016 23:50
752,https://accounts.youtube.com/accounts/Logout2?hl=en&service=mail&ilo=1&ils=s.youtube%2Co.mail.google.com&ilc=0&continue=https%3A%2F%2Fmail.google.com%2Fmail&zx=1198159309,5/11/2016 23:51
129,https://www.youtube.com/results?q=shoplifters,5/11/2016 23:53
129,https://www.youtube.com/results?search_query=shoplifters+caught,5/11/2016 23:54
129,https://www.youtube.com/watch?v=C1cwYoF9OAc,5/11/2016 23:54
80,https://accounts.youtube.com/accounts/Logout2?ilo=1&ils=s.youtube%2Cah%2Ccl%2Cdoritos%2Cmail%2Cwritely%2Co.calendar.google.com%2Co.mail.google.com%2Cs.blogger&ilc=0&continue=https%3A%2F%2Fclassroom.google.com%2Fu%2F0%2Fineligible&zx=406588415,5/11/2016 23:54
60,https://www.youtube.com/watch?v=IBtfap7t3Ck,5/11/2016 23:55
80,https://accounts.youtube.com/accounts/Logout2?hl=en-US&service=mail&ilo=1&ils=s.youtube%2Co.mail.google.com&ilc=0&continue=https%3A%2F%2Fmail.google.com%2Fmail&zx=-411700443,5/11/2016 23:56
129,https://www.youtube.com/watch?v=fRNfNuy9Gnc,5/11/2016 23:57
129,https://www.youtube.com/watch?v=Oa4pWHK3Ms0,5/11/2016 23:57
60,https://www.youtube.com/watch?v=EKQVGMh1YZw,5/11/2016 23:59
567,https://www.youtube.com/watch?v=8dUegW4Xn5E,5/12/2016 0:04
567,https://www.youtube.com/watch?v=0xdKYPIh44k,5/12/2016 0:04
737,https://www.youtube.com/results?q=antonio+costa&sp=EgQIBBgC,5/12/2016 0:08
737,https://www.youtube.com/watch?v=4H2dxb_b384,5/12/2016 0:08
737,https://www.youtube.com/results?search_query=courage+the+cowardly+dog,5/12/2016 0:08
737,https://www.youtube.com/results?sp=EgIgAQ%253D%253D&q=courage+the+cowardly+dog,5/12/2016 0:08
737,https://www.youtube.com/results?sp=EgQYAiAB&q=courage+the+cowardly+dog,5/12/2016 0:08
737,https://www.youtube.com/watch?v=72W9u4hnMoc,5/12/2016 0:08
737,https://www.youtube.com/results?sp=EgIYAg%253D%253D&q=courage+the+cowardly+dog,5/12/2016 0:09
737,https://www.youtube.com/watch?v=VAeMpuKtE4o,5/12/2016 0:09
658,https://www.youtube.com/watch?v=ucGyoO4g9kQ,5/12/2016 0:13
737,https://www.youtube.com/watch?v=LcE_-eQv7hs,5/12/2016 0:21
737,https://www.youtube.com/watch?v=ok0jaSR2k7E,5/12/2016 0:31
737,https://www.youtube.com/watch?v=WiEzcJ_Btic,5/12/2016 0:31
737,https://www.youtube.com/watch?v=xhr26ia4k38,5/12/2016 0:34
567,https://www.youtube.com/watch?v=KzQfqOcBuow,5/12/2016 0:40
737,https://www.youtube.com/watch?v=g_OMyj2T-BA,5/12/2016 0:57
1,https://www.youtube.com/watch?time_continue=11&v=tXn2xzCUEuk,5/12/2016 1:02
1,https://www.youtube.com/watch?v=tXn2xzCUEuk,5/12/2016 1:03
656,https://www.youtube.com/watch?v=Io0fBr1XBUA,5/12/2016 1:09
80,https://www.youtube.com/results?search_query=soda+can+calculation,5/12/2016 1:24
80,https://www.youtube.com/watch?v=4uq-qmqzL1I,5/12/2016 1:25
80,https://www.youtube.com/watch?v=B3M3TjJyfqw,5/12/2016 1:27
80,https://www.youtube.com/watch?v=Ab-4iZ-7EXk,5/12/2016 1:28
350,https://www.youtube.com/results?search_query=KEITH+BARROW,5/12/2016 1:28
350,https://www.youtube.com/watch?v=ShNeqWGZxD8,5/12/2016 1:28
80,https://www.youtube.com/watch?v=pfpd8RJi9jw,5/12/2016 1:29
350,https://www.youtube.com/watch?v=T652bE3YzEU,5/12/2016 1:34
350,https://www.youtube.com/results?search_query=JUST+LIKE+I+TOLD+YOU+AL+MCKENZIE,5/12/2016 1:35
350,https://www.youtube.com/watch?v=LQ_j95-52pw,5/12/2016 1:35
350,https://www.youtube.com/results?search_query=MY+HOUSE+GC+CAMERON,5/12/2016 1:36
350,https://www.youtube.com/watch?v=7oukoNfKnaA,5/12/2016 1:36
677,https://www.youtube.com/watch?v=qyUnSuYYs18,5/12/2016 1:44
677,https://www.youtube.com/watch?v=KJhjurBe524,5/12/2016 1:45
677,https://www.youtube.com/results?search_query=brak+,5/12/2016 1:45
677,https://www.youtube.com/watch?v=TZOzNvfYKoY,5/12/2016 1:45
677,https://www.youtube.com/watch?v=1D81e2b49lw,5/12/2016 1:46
677,https://www.youtube.com/watch?v=POMBlDx2YY0,5/12/2016 1:47
677,https://www.youtube.com/watch?v=1AH-XScxeOw,5/12/2016 1:47
677,https://www.youtube.com/watch?v=1AH-XScxeOw&list=PLyXw0D5VJf5s2QzkOeCRkAPQSMcosN5zx,5/12/2016 1:49
677,https://www.youtube.com/watch?v=iPyerQnMCwU&index=3&list=PLyXw0D5VJf5s2QzkOeCRkAPQSMcosN5zx,5/12/2016 1:49
677,https://www.youtube.com/watch?v=IpgPJ1uMDsU&list=PLyXw0D5VJf5s2QzkOeCRkAPQSMcosN5zx&index=4,5/12/2016 1:50
228,https://accounts.youtube.com/accounts/Logout2?hl=en&service=mail&ilo=1&ils=s.youtube%2Co.mail.google.com&ilc=0&continue=https%3A%2F%2Fmail.google.com%2Fmail&zx=-1925765140,5/12/2016 1:56
495,https://www.youtube.com/watch?v=u69roczhmAQ,5/12/2016 1:57
737,https://www.youtube.com/watch?v=xUl9s0xfMkM#t=0.598,5/12/2016 1:59
495,https://www.youtube.com/watch?v=brAAjdVFd1A,5/12/2016 1:59
228,https://accounts.youtube.com/accounts/Logout2?hl=en&service=mail&ilo=1&ils=s.youtube%2Co.mail.google.com&ilc=0&continue=https%3A%2F%2Fmail.google.com%2Fmail&zx=-1400719667,5/12/2016 2:01
495,https://www.youtube.com/watch?v=1qUJgpyLgBo,5/12/2016 2:05
228,https://accounts.youtube.com/accounts/Logout2?hl=en&service=mail&ilo=1&ils=s.youtube%2Co.mail.google.com&ilc=0&continue=https%3A%2F%2Fmail.google.com%2Fmail&zx=-1636577044,5/12/2016 2:11
228,https://accounts.youtube.com/accounts/Logout2?hl=en&service=mail&ilo=1&ils=s.youtube%2Co.mail.google.com&ilc=0&continue=https%3A%2F%2Fmail.google.com%2Fmail&zx=2041445395,5/12/2016 2:17
228,https://accounts.youtube.com/accounts/Logout2?hl=en&service=mail&ilo=1&ils=s.youtube%2Co.mail.google.com&ilc=0&continue=https%3A%2F%2Fmail.google.com%2Fmail&zx=1812374737,5/12/2016 2:17
228,https://accounts.youtube.com/accounts/Logout2?hl=en&service=mail&ilo=1&ils=s.youtube%2Co.mail.google.com&ilc=0&continue=https%3A%2F%2Fmail.google.com%2Fmail&zx=-2007397543,5/12/2016 2:18
1,https://www.youtube.com/watch?v=IDLKwSeFmrs,5/12/2016 2:19
1,https://www.youtube.com/watch?v=hDnq2NEkbMQ,5/12/2016 2:20
1,https://www.youtube.com/channel/UCo-psEsf5UK4dfEf6EzZebg,5/12/2016 2:33
1,https://www.youtube.com/user/EliseBuch/videos,5/12/2016 2:33
1,https://www.youtube.com/watch?v=O_m3UwqXjKE,5/12/2016 2:33
592,https://www.youtube.com/watch?v=-kgVGFK6BVI,5/12/2016 3:00
592,https://www.youtube.com/watch?annotation_id=annotation_1004430427&feature=iv&src_vid=-kgVGFK6BVI&v=Gfok7gnjhI4,5/12/2016 3:03
592,https://www.youtube.com/watch?v=R-uJviYD2T4,5/12/2016 3:06
592,https://www.youtube.com/watch?v=RPK0F_LK1Mo,5/12/2016 3:08
592,https://www.youtube.com/watch?annotation_id=annotation_1493098387&feature=iv&src_vid=RPK0F_LK1Mo&v=Pv1bskS9dDc,5/12/2016 3:11
592,https://www.youtube.com/results?search_query=people+try+southern+food,5/12/2016 3:12
592,https://www.youtube.com/watch?v=4-_4-Ii5opA,5/12/2016 3:12
592,https://www.youtube.com/watch?annotation_id=annotation_3064462005&feature=iv&src_vid=4-_4-Ii5opA&v=kLOQ802daCE,5/12/2016 3:15
592,https://www.youtube.com/watch?annotation_id=annotation_2117469473&feature=iv&list=UUpko_-a4wgz2u_DgDgd9fqA&src_vid=kLOQ802daCE&v=fDbtvpLHIpw,5/12/2016 3:17
592,https://www.youtube.com/watch?v=1Cpc07E2sh4&list=UUpko_-a4wgz2u_DgDgd9fqA&index=1711,5/12/2016 3:20
592,https://www.youtube.com/watch?v=cEauQ7aP9hQ,5/12/2016 3:20
592,https://www.youtube.com/watch?annotation_id=annotation_2559472413&feature=iv&src_vid=cEauQ7aP9hQ&v=c0ZL4aT6V4M,5/12/2016 3:24
272,https://accounts.youtube.com/accounts/Logout2?hl=es&service=mail&ilo=1&ils=s.youtube%2Cdoritos%2Co.mail.google.com&ilc=0&continue=https%3A%2F%2Fmail.google.com%2Fmail&zx=944921259,5/12/2016 3:26
201,https://www.youtube.com/watch?v=nEPojRr_4DU,5/12/2016 3:27
592,https://www.youtube.com/watch?annotation_id=annotation_1980475639&feature=iv&src_vid=c0ZL4aT6V4M&v=ivIxbGBAP1w,5/12/2016 3:28
473,https://www.youtube.com/results?search_query=fiery+ash+fort+mc,5/12/2016 3:30
473,https://www.youtube.com/watch?v=bM84bbvjSQo,5/12/2016 3:30
473,https://www.youtube.com/watch?v=BA4fJ1xpo6U,5/12/2016 3:30
201,https://www.youtube.com/results?search_query=tim+buckley,5/12/2016 3:32
592,https://www.youtube.com/results?search_query=people+try+diet+coke,5/12/2016 3:32
592,https://www.youtube.com/watch?v=Rhbx5uH7iGI,5/12/2016 3:32
201,https://www.youtube.com/watch?v=vMTEtDBHGY4,5/12/2016 3:33
201,https://www.youtube.com/watch?v=1ryZJBNmDrw,5/12/2016 3:33
592,https://www.youtube.com/watch?annotation_id=annotation_1709933577&feature=iv&list=UUpko_-a4wgz2u_DgDgd9fqA&src_vid=Rhbx5uH7iGI&v=Mfav2BCYwHs,5/12/2016 3:34
592,https://www.youtube.com/watch?annotation_id=annotation_1238455169&feature=iv&list=UUpko_-a4wgz2u_DgDgd9fqA&src_vid=Mfav2BCYwHs&v=kbjxBNx1_Hg,5/12/2016 3:35
473,https://www.youtube.com/watch?v=HDvsIXoeWcI,5/12/2016 3:36
201,https://www.youtube.com/watch?v=isQh0jcIz-k,5/12/2016 3:36
592,https://www.youtube.com/watch?annotation_id=annotation_3810216631&feature=iv&list=UUay_OLhWtf9iklq8zg_or0g&src_vid=kbjxBNx1_Hg&v=s4UEifGF8DU,5/12/2016 3:37
592,https://www.youtube.com/watch?v=XUIdDYL1wJI,5/12/2016 3:37
473,https://www.youtube.com/watch?v=5AuLkMBAFZg,5/12/2016 3:38
592,https://www.youtube.com/watch?annotation_id=annotation_3982811737&feature=iv&list=UUpko_-a4wgz2u_DgDgd9fqA&src_vid=XUIdDYL1wJI&v=yZD65cYvyYY,5/12/2016 3:40
473,https://www.youtube.com/results?search_query=hip+choice+psa,5/12/2016 3:41
473,https://www.youtube.com/watch?v=FV6PM8KjBZg,5/12/2016 3:41
473,https://www.youtube.com/results?search_query=use+your+head+psa,5/12/2016 3:42
473,https://www.youtube.com/watch?v=AdSRD_fuaNk,5/12/2016 3:43
473,https://www.youtube.com/watch?v=HmITEOTpkRg,5/12/2016 3:43
495,https://www.youtube.com/watch?v=kHgKjikbfrI,5/12/2016 3:43
592,https://www.youtube.com/watch?v=BZV4RWjv7C0&index=1971&list=UUpko_-a4wgz2u_DgDgd9fqA,5/12/2016 3:43
592,https://www.youtube.com/watch?v=WqwvQGXrAbc&list=UUpko_-a4wgz2u_DgDgd9fqA&index=1972,5/12/2016 3:43
592,https://www.youtube.com/watch?v=bbgsRW6n87Q&index=1977&list=UUpko_-a4wgz2u_DgDgd9fqA,5/12/2016 3:43
201,https://www.youtube.com/watch?v=lT1t9_rTQl4,5/12/2016 3:44
473,https://www.youtube.com/results?search_query=house+hippo+concerned+children%27s+advertisers,5/12/2016 3:45
473,https://www.youtube.com/watch?v=TNbw-qycyl4,5/12/2016 3:45
592,https://www.youtube.com/watch?annotation_id=annotation_851602219&feature=iv&list=UUpko_%C2%ADa4wgz2u_DgDgd9fqA&src_vid=bbgsRW6n87Q&v=7ectActpKUM,5/12/2016 3:46
473,https://www.youtube.com/results?search_query=why+be+you+when+you+can+be+me+commercial,5/12/2016 3:48
473,https://www.youtube.com/watch?v=SE4Rx8jDfjU,5/12/2016 3:48
201,https://www.youtube.com/watch?v=uQANPxxznNo,5/12/2016 3:49
592,https://www.youtube.com/watch?v=SLGlExgXmC8,5/12/2016 3:49
473,https://www.youtube.com/watch?v=qTnJtlyMtdU,5/12/2016 3:49
592,https://www.youtube.com/watch?v=JKeCm43MP8A,5/12/2016 3:51
201,https://www.youtube.com/watch?v=SuvUSZaXYSg,5/12/2016 3:52
473,https://www.youtube.com/watch?v=OX6qUFm1HsI,5/12/2016 3:52
201,https://www.youtube.com/watch?v=ZuIkmKtrXoQ,5/12/2016 3:54
592,https://www.youtube.com/watch?v=qvVrIPTz8T0,5/12/2016 3:54
473,https://www.youtube.com/watch?v=NgUGvZkQd0M,5/12/2016 3:55
473,https://www.youtube.com/watch?v=TG3NxGh2sVg,5/12/2016 3:57
592,https://www.youtube.com/watch?v=i5jABvdn8Vo,5/12/2016 3:58
473,https://www.youtube.com/watch?v=wImI4ZyJ_Yw,5/12/2016 3:59
473,https://www.youtube.com/watch?v=LSLpq460USY,5/12/2016 3:59
592,https://www.youtube.com/watch?annotation_id=annotation_386547147&feature=iv&src_vid=i5jABvdn8Vo&v=DzBGSynNQhY,5/12/2016 4:02
592,https://www.youtube.com/watch?v=hRkoUhTi05c,5/12/2016 4:02
592,https://www.youtube.com/watch?v=kt3foOIwckk,5/12/2016 4:08
473,https://www.youtube.com/watch?v=bbAGswKYee4,5/12/2016 4:09
592,https://www.youtube.com/watch?annotation_id=annotation_2942500431&feature=iv&list=UUpko_-a4wgz2u_DgDgd9fqA&src_vid=kt3foOIwckk&v=9xGikWEd1p8,5/12/2016 4:10
271,https://www.youtube.com/watch?v=dbRMCgtcchw,5/12/2016 4:11
271,https://www.youtube.com/watch?v=v4gGEC5iCDE,5/12/2016 4:12
592,https://www.youtube.com/watch?v=vxvBK6NUdkE&list=UUpko_-a4wgz2u_DgDgd9fqA&index=1615,5/12/2016 4:13
592,https://www.youtube.com/watch?v=hRkoUhTi05c&list=UUpko_-a4wgz2u_DgDgd9fqA&index=1627,5/12/2016 4:13
592,https://www.youtube.com/watch?v=KVs8b6Lu5wA,5/12/2016 4:14
271,https://www.youtube.com/watch?v=4mMG5P9XmnA,5/12/2016 4:16
271,https://www.youtube.com/results?search_query=Caserita+en+el+mercado,5/12/2016 4:16
271,https://www.youtube.com/watch?v=gRzYd3-OxHU,5/12/2016 4:17
592,https://www.youtube.com/watch?v=YTGJ5bhNEIg,5/12/2016 4:18
271,https://www.youtube.com/watch?v=o4vk_O-neR4,5/12/2016 4:18
556,https://www.youtube.com/watch?v=Q78rr-gDhVE,5/12/2016 4:18
271,https://www.youtube.com/watch?v=MAKcNKlPmH8,5/12/2016 4:19
271,https://www.youtube.com/watch?v=G11ICRLB8uU,5/12/2016 4:20
592,https://www.youtube.com/watch?v=_fU0Ejt_yso,5/12/2016 4:21
271,https://www.youtube.com/watch?v=O_Ga38Oo-no,5/12/2016 4:23
271,https://www.youtube.com/results?search_query=Evadas,5/12/2016 4:23
592,https://www.youtube.com/watch?v=r56ysWv3US4,5/12/2016 4:23
271,https://www.youtube.com/watch?v=YKryZnWARWE,5/12/2016 4:24
271,https://www.youtube.com/watch?v=zwE1FqgvfKo,5/12/2016 4:24
271,https://www.youtube.com/watch?v=10wIpguWALw,5/12/2016 4:25
80,https://www.youtube.com/watch?v=ef0jSXv9Jyk,5/12/2016 4:25
460,https://www.youtube.com/watch?v=lsTBjj189_I&feature=youtu.be,5/12/2016 4:26
80,https://www.youtube.com/watch?v=tIEf9suNBXI,5/12/2016 4:26
271,https://www.youtube.com/results?search_query=tia+robachoclo,5/12/2016 4:26
271,https://www.youtube.com/watch?v=Q0EJSRCdf9I,5/12/2016 4:26
80,https://www.youtube.com/watch?v=kABwha0Fie0,5/12/2016 4:27
80,https://www.youtube.com/watch?v=88cjyP-7Mvs,5/12/2016 4:28
80,https://www.youtube.com/watch?v=M9tTHQ79zzY,5/12/2016 4:28
460,https://www.youtube.com/watch?v=8t2rysMo1LI,5/12/2016 4:31
460,https://www.youtube.com/watch?v=3lRha-G5uD8,5/12/2016 4:31
129,https://www.youtube.com/results?search_query=cought+stealing,5/12/2016 4:35
129,https://www.youtube.com/watch?v=y9WvLZACT-A,5/12/2016 4:35
460,https://www.youtube.com/watch?v=fQgaO-vymMg,5/12/2016 4:35
460,https://www.youtube.com/watch?v=yjl70V7kuQU,5/12/2016 4:36
129,https://www.youtube.com/watch?v=JYLSPahH6v8,5/12/2016 4:38
129,https://www.youtube.com/watch?v=0tRf27zjJ90,5/12/2016 4:39
460,https://www.youtube.com/channel/UC_Nmsy_GYhseFdpKiK8x_Rg,5/12/2016 4:40
460,https://www.youtube.com/watch?v=SwVMBqXj5a8,5/12/2016 4:41
460,https://www.youtube.com/watch?v=bHZQR3UkTLk,5/12/2016 4:42
129,https://www.youtube.com/watch?v=MCalDWzIexE,5/12/2016 4:43
592,https://www.youtube.com/watch?annotation_id=annotation_4097878827&feature=iv&list=UUpko_-a4wgz2u_DgDgd9fqA&src_vid=r56ysWv3US4&v=7vZvGL8_PRk,5/12/2016 4:46
460,https://www.youtube.com/watch?v=UFdK_P8BQLQ,5/12/2016 4:46
730,https://www.youtube.com/watch?v=whcTKaVMlgc,5/12/2016 4:47
592,https://www.youtube.com/watch?v=6_Vp_VT-XL4&index=2159&list=UUpko_-a4wgz2u_DgDgd9fqA,5/12/2016 4:49
592,https://www.youtube.com/results?search_query=people+try,5/12/2016 4:50
592,https://www.youtube.com/watch?v=Rd17YWdnUbU,5/12/2016 4:51
592,https://www.youtube.com/watch?annotation_id=annotation_2379176425&feature=iv&src_vid=Rd17YWdnUbU&v=Z6HIoXoCcOs,5/12/2016 4:53
592,https://www.youtube.com/watch?annotation_id=annotation_2156702425&feature=iv&src_vid=Z6HIoXoCcOs&v=_hlahvK6ZK4,5/12/2016 4:55
129,https://www.youtube.com/watch?v=j9fB_f8ohIE,5/12/2016 4:55
730,https://www.youtube.com/watch?v=zTRyhCTyXKo,5/12/2016 4:56
730,https://www.youtube.com/watch?v=kK3d90dDl5w,5/12/2016 4:58
592,https://www.youtube.com/watch?annotation_id=annotation_2156702425&feature=iv&src_vid=Z6HIoXoCcOs&v=qelJaQyFYGw#t=187.442608,5/12/2016 5:03
592,https://www.youtube.com/watch?v=3Qyf8KKWRZc,5/12/2016 5:04
592,https://www.youtube.com/watch?annotation_id=annotation_2703875363&feature=iv&src_vid=3Qyf8KKWRZc&v=1UcSvMOoQ78,5/12/2016 5:07
592,https://www.youtube.com/watch?v=6vvP-cImU28,5/12/2016 5:08
592,https://www.youtube.com/watch?annotation_id=annotation_3874686001&feature=iv&list=UUBUVGPsJzc1U8SECMgBaMFw&src_vid=6vvP-cImU28&v=1WeRDUWXeGU,5/12/2016 5:11
271,https://www.youtube.com/watch?v=1EPNYWeEf1U,5/12/2016 5:11
495,https://www.youtube.com/results?search_query=diy+ombre+hair,5/12/2016 5:13
495,https://www.youtube.com/results?search_query=diy+ombre+hair+for+dark+hair,5/12/2016 5:13
484,https://www.youtube.com/results?search_query=diego+torrado,5/12/2016 5:16
484,https://www.youtube.com/user/getsometg,5/12/2016 5:16
484,https://www.youtube.com/user/getsometg/videos?view=0&shelf_id=2&sort=p,5/12/2016 5:16
484,https://www.youtube.com/watch?v=82Z62iY_Q0I,5/12/2016 5:17
592,https://www.youtube.com/watch?annotation_id=annotation_3874686001&feature=iv&src_vid=6vvP-cImU28&v=a1k_Zlx7cYY#t=169.35424,5/12/2016 5:17
592,https://www.youtube.com/watch?v=QTrqGwj3XpA,5/12/2016 5:18
658,https://www.youtube.com/results?search_query=kevin+hart+as+james+brown,5/12/2016 5:18
484,https://www.youtube.com/watch?v=BQv9ujFJRtA,5/12/2016 5:18
,,
,,
,,
,,
,,
,,
,,
,,
,,
,,
,,
,,
,,
,,
,,
,,
,,
,,
,,
,,
,,
,,
,,
,,
,,
,,
,,
,,
,,
,,
,,
,,
,,
,,
,,
,,
,,
,,
,,
,,
,,
,,
,,
,,
,,
,,
,,
,,
,,
,,
,,
,,
,,
,,
,,
,,
,,
,,
,,
,,
,,
,,
,,
,,
,,
,,
,,
,,
,,
,,
,,
,,
,,
,,
,,
,,
,,
,,
,,
,,
,,
,,
,,
,,
,,
,,
,,
,,
,,
,,
,,
,,
,,
,,
,,
,,
,,
,,
,,
,,
,,
,,
,,
,,
,,
,,
,,
,,
,,
,,
,,
,,
,,
,,
,,
,,
,,
,,
,,
,,
,,
,,
,,
,,
,,
,,
,,
,,
,,
,,
,,
,,
,,
,,
,,
,,
,,
,,
,,
,,
,,
,,
,,
,,
,,
,,
,,
,,
,,
,,
,,
,,
,,
,,
,,
,,
,,
,,
,,
,,
,,
,,
,,
,,
,,
,,
,,
,,
,,
,,
,,
,,
,,
,,
,,
,,
,,
,,
,,
,,
,,
,,
,,
,,
,,
,,
,,
,,
,,
,,
,,
,,
,,
,,
,,
,,
,,
,,
,,
,,
,,
,,
,,
,,
,,
,,
,,
,,
,,
,,
,,
,,
,,
,,
,,
,,
,,
,,
,,
,,
,,
,,
,,
,,
,,
,,
,,
,,
,,
,,
,,
,,
,,
,,
,,
,,
,,
,,
,,
,,
,,
,,
,,
,,
,,
,,
,,
,,
,,
,,
,,
,,
,,
,,
,,
,,
,,
,,
,,
,,
,,
,,
,,
,,
,,
,,
,,
,,
,,
,,
,,
,,
,,
,,
,,
,,
,,
,,
,,
,,
,,
,,
,,
,,
,,
,,
,,
,,
,,
,,
,,
,,
,,
,,
,,
,,
,,
,,
,,
,,
,,
,,
,,
,,
,,
,,
,,
,,
,,
,,
,,
,,
,,
,,
,,
,,
,,
,,
,,
,,
,,
,,
,,
,,
,,
,,
,,
,,
,,
,,
,,
,,
,,
,,
,,
,,
,,
,,
,,
,,
,,
,,
,,
,,
,,
,,
,,
,,
,,
,,
,,
,,
,,
,,
,,
,,
,,
,,
,,
,,
,,
,,
,,
,,
,,
,,
,,
,,
,,
,,
,,
,,
,,
,,
,,
,,
,,
,,
,,
,,
,,
,,
,,
,,
,,
,,
,,
,,
,,
,,
,,
,,
,,
,,
,,
,,
,,
